$MeshFormat
4.1 0 8
$EndMeshFormat
$Entities
7 7 1 0
1 -0.5 -0.5 0 0 
2 0 -0.5 0 0 
3 0 0 0 0 
4 0.44 0 0 0 
5 0.5 0 0 0 
6 0.5 0.5 0 0 
7 -0.5 0.5 0 0 
1 -0.5000000999999999 -0.5000000999999999 -1e-07 9.999999997511999e-08 -0.4999999 1e-07 0 2 1 -2 
2 -1e-07 -0.5000000999999999 -1e-07 1e-07 9.999999997511999e-08 1e-07 0 2 2 -3 
3 -1.000000000028756e-07 -1e-07 -1e-07 0.4400001 1e-07 1e-07 0 2 3 -4 
4 0.4399999 -1e-07 -1e-07 0.5000000999999999 1e-07 1e-07 0 2 4 -5 
5 0.4999999 -9.999999997511999e-08 -1e-07 0.5000000999999999 0.5000000999999999 1e-07 0 2 5 -6 
6 -0.5000000999999999 0.4999999 -1e-07 0.5000000999999999 0.5000000999999999 1e-07 0 2 6 -7 
7 -0.5000000999999999 -0.5000000999999999 -1e-07 -0.4999999 0.5000000999999999 1e-07 0 2 7 -1 
1 -0.5000000999999999 -0.5000000999999999 -1e-07 0.5000000999999999 0.5000000999999999 1e-07 0 7 1 2 3 4 5 6 7 
$EndEntities
$Nodes
15 2405 1 2405
0 1 0 1
1
-0.5 -0.5 0
0 2 0 1
2
0 -0.5 0
0 3 0 1
3
0 0 0
0 4 0 1
4
0.44 0 0
0 5 0 1
5
0.5 0 0
0 6 0 1
6
0.5 0.5 0
0 7 0 1
7
-0.5 0.5 0
1 1 0 23
8
9
10
11
12
13
14
15
16
17
18
19
20
21
22
23
24
25
26
27
28
29
30
-0.4791666666666666 -0.5 0
-0.4583333333333333 -0.5 0
-0.4374999999999999 -0.5 0
-0.4166666666666665 -0.5 0
-0.3958333333333332 -0.5 0
-0.3749999999999999 -0.5 0
-0.3541666666666665 -0.5 0
-0.3333333333333333 -0.5 0
-0.3124999999999999 -0.5 0
-0.2916666666666665 -0.5 0
-0.2708333333333333 -0.5 0
-0.2499999999999999 -0.5 0
-0.2291666666666666 -0.5 0
-0.2083333333333333 -0.5 0
-0.1874999999999999 -0.5 0
-0.1666666666666666 -0.5 0
-0.1458333333333333 -0.5 0
-0.1249999999999999 -0.5 0
-0.1041666666666666 -0.5 0
-0.08333333333333326 -0.5 0
-0.0625 -0.5 0
-0.04166666666666669 -0.5 0
-0.02083333333333331 -0.5 0
1 2 0 31
31
32
33
34
35
36
37
38
39
40
41
42
43
44
45
46
47
48
49
50
51
52
53
54
55
56
57
58
59
60
61
0 -0.4791763959993168 0
0 -0.4583527919986336 0
0 -0.4375291879979504 0
0 -0.4167055839972672 0
0 -0.395881979996584 0
0 -0.3750583759959009 0
0 -0.3542347719952177 0
0 -0.3334111679945346 0
0 -0.3125875639938515 0
0 -0.2917639599931683 0
0 -0.2709403559924851 0
0 -0.2501167519918019 0
0 -0.2292931479911188 0
0 -0.2084695439904357 0
0 -0.1876459399897525 0
0 -0.1668223359890694 0
0 -0.1459987319883862 0
0 -0.125175127987703 0
0 -0.1053288953448643 0
0 -0.08854914999841806 0
0 -0.07444255395067123 0
0 -0.06258325293849776 0
0 -0.05261323318856914 0
0 -0.04423151958628485 0
0 -0.03718508019119876 0
0 -0.03126119660379434 0
0 -0.02602950500085394 0
0 -0.02082360400068317 0
0 -0.01561770300051235 0
0 -0.01041180200034159 0
0 -0.005205901000170765 0
1 3 0 28
62
63
64
65
66
67
68
69
70
71
72
73
74
75
76
77
78
79
80
81
82
83
84
85
86
87
88
89
0.005227201103649114 0 0
0.01045440220729823 0 0
0.01568160331094734 0 0
0.02090880441459645 0 0
0.02613600551824557 0 0
0.03139465341307969 0 0
0.03737035105896856 0 0
0.04448347064754894 0 0
0.05295051116683942 0 0
0.06302917601131619 0 0
0.07502622913183916 0 0
0.08930681543979974 0 0
0.106305587460187 0 0
0.1263679337810527 0 0
0.1472767381956493 0 0
0.1681855426102458 0 0
0.1890943470248422 0 0
0.2100031514394385 0 0
0.2309119558540349 0 0
0.2518207602686313 0 0
0.2727295646832278 0 0
0.2936383690978243 0 0
0.3145471735124209 0 0
0.3354559779270174 0 0
0.3563647823416139 0 0
0.3772735867562105 0 0
0.3981823911708069 0 0
0.4190911955854035 0 0
1 4 0 2
90
91
0.46 0 0
0.48 0 0
1 5 0 23
92
93
94
95
96
97
98
99
100
101
102
103
104
105
106
107
108
109
110
111
112
113
114
0.5 0.02083333333333336 0
0.5 0.04166666666666674 0
0.5 0.06250000000000011 0
0.5 0.08333333333333348 0
0.5 0.1041666666666668 0
0.5 0.1250000000000001 0
0.5 0.1458333333333335 0
0.5 0.1666666666666668 0
0.5 0.1875000000000001 0
0.5 0.2083333333333335 0
0.5 0.2291666666666667 0
0.5 0.2500000000000001 0
0.5 0.2708333333333334 0
0.5 0.2916666666666667 0
0.5 0.3125000000000001 0
0.5 0.3333333333333334 0
0.5 0.3541666666666667 0
0.5 0.3750000000000001 0
0.5 0.3958333333333334 0
0.5 0.4166666666666667 0
0.5 0.4375 0
0.5 0.4583333333333333 0
0.5 0.4791666666666667 0
1 6 0 47
115
116
117
118
119
120
121
122
123
124
125
126
127
128
129
130
131
132
133
134
135
136
137
138
139
140
141
142
143
144
145
146
147
148
149
150
151
152
153
154
155
156
157
158
159
160
161
0.4791666666666666 0.5 0
0.4583333333333333 0.5 0
0.4374999999999999 0.5 0
0.4166666666666665 0.5 0
0.3958333333333331 0.5 0
0.3749999999999998 0.5 0
0.3541666666666664 0.5 0
0.333333333333333 0.5 0
0.3124999999999997 0.5 0
0.2916666666666664 0.5 0
0.270833333333333 0.5 0
0.2499999999999997 0.5 0
0.2291666666666664 0.5 0
0.2083333333333331 0.5 0
0.1874999999999998 0.5 0
0.1666666666666665 0.5 0
0.1458333333333331 0.5 0
0.1249999999999998 0.5 0
0.1041666666666665 0.5 0
0.08333333333333309 0.5 0
0.06249999999999983 0.5 0
0.04166666666666652 0.5 0
0.0208333333333332 0.5 0
-1.110223024625157e-16 0.5 0
-0.02083333333333348 0.5 0
-0.04166666666666685 0.5 0
-0.06250000000000011 0.5 0
-0.08333333333333337 0.5 0
-0.1041666666666667 0.5 0
-0.1250000000000001 0.5 0
-0.1458333333333334 0.5 0
-0.1666666666666667 0.5 0
-0.1875000000000001 0.5 0
-0.2083333333333335 0.5 0
-0.2291666666666669 0.5 0
-0.2500000000000001 0.5 0
-0.2708333333333335 0.5 0
-0.2916666666666669 0.5 0
-0.3125000000000001 0.5 0
-0.3333333333333335 0.5 0
-0.3541666666666666 0.5 0
-0.375 0.5 0
-0.3958333333333334 0.5 0
-0.4166666666666666 0.5 0
-0.4375 0.5 0
-0.4583333333333334 0.5 0
-0.4791666666666666 0.5 0
1 7 0 47
162
163
164
165
166
167
168
169
170
171
172
173
174
175
176
177
178
179
180
181
182
183
184
185
186
187
188
189
190
191
192
193
194
195
196
197
198
199
200
201
202
203
204
205
206
207
208
-0.5 0.4791666666666666 0
-0.5 0.4583333333333333 0
-0.5 0.4374999999999999 0
-0.5 0.4166666666666665 0
-0.5 0.3958333333333331 0
-0.5 0.3749999999999998 0
-0.5 0.3541666666666664 0
-0.5 0.333333333333333 0
-0.5 0.3124999999999997 0
-0.5 0.2916666666666664 0
-0.5 0.270833333333333 0
-0.5 0.2499999999999997 0
-0.5 0.2291666666666664 0
-0.5 0.2083333333333331 0
-0.5 0.1874999999999998 0
-0.5 0.1666666666666665 0
-0.5 0.1458333333333331 0
-0.5 0.1249999999999998 0
-0.5 0.1041666666666665 0
-0.5 0.08333333333333309 0
-0.5 0.06249999999999983 0
-0.5 0.04166666666666652 0
-0.5 0.0208333333333332 0
-0.5 -1.110223024625157e-16 0
-0.5 -0.02083333333333348 0
-0.5 -0.04166666666666685 0
-0.5 -0.06250000000000011 0
-0.5 -0.08333333333333337 0
-0.5 -0.1041666666666667 0
-0.5 -0.1250000000000001 0
-0.5 -0.1458333333333334 0
-0.5 -0.1666666666666667 0
-0.5 -0.1875000000000001 0
-0.5 -0.2083333333333335 0
-0.5 -0.2291666666666669 0
-0.5 -0.2500000000000001 0
-0.5 -0.2708333333333335 0
-0.5 -0.2916666666666669 0
-0.5 -0.3125000000000001 0
-0.5 -0.3333333333333335 0
-0.5 -0.3541666666666666 0
-0.5 -0.375 0
-0.5 -0.3958333333333334 0
-0.5 -0.4166666666666666 0
-0.5 -0.4375 0
-0.5 -0.4583333333333334 0
-0.5 -0.4791666666666666 0
2 1 0 2197
209
210
211
212
213
214
215
216
217
218
219
220
221
222
223
224
225
226
227
228
229
230
231
232
233
234
235
236
237
238
239
240
241
242
243
244
245
246
247
248
249
250
251
252
253
254
255
256
257
258
259
260
261
262
263
264
265
266
267
268
269
270
271
272
273
274
275
276
277
278
279
280
281
282
283
284
285
286
287
288
289
290
291
292
293
294
295
296
297
298
299
300
301
302
303
304
305
306
307
308
309
310
311
312
313
314
315
316
317
318
319
320
321
322
323
324
325
326
327
328
329
330
331
332
333
334
335
336
337
338
339
340
341
342
343
344
345
346
347
348
349
350
351
352
353
354
355
356
357
358
359
360
361
362
363
364
365
366
367
368
369
370
371
372
373
374
375
376
377
378
379
380
381
382
383
384
385
386
387
388
389
390
391
392
393
394
395
396
397
398
399
400
401
402
403
404
405
406
407
408
409
410
411
412
413
414
415
416
417
418
419
420
421
422
423
424
425
426
427
428
429
430
431
432
433
434
435
436
437
438
439
440
441
442
443
444
445
446
447
448
449
450
451
452
453
454
455
456
457
458
459
460
461
462
463
464
465
466
467
468
469
470
471
472
473
474
475
476
477
478
479
480
481
482
483
484
485
486
487
488
489
490
491
492
493
494
495
496
497
498
499
500
501
502
503
504
505
506
507
508
509
510
511
512
513
514
515
516
517
518
519
520
521
522
523
524
525
526
527
528
529
530
531
532
533
534
535
536
537
538
539
540
541
542
543
544
545
546
547
548
549
550
551
552
553
554
555
556
557
558
559
560
561
562
563
564
565
566
567
568
569
570
571
572
573
574
575
576
577
578
579
580
581
582
583
584
585
586
587
588
589
590
591
592
593
594
595
596
597
598
599
600
601
602
603
604
605
606
607
608
609
610
611
612
613
614
615
616
617
618
619
620
621
622
623
624
625
626
627
628
629
630
631
632
633
634
635
636
637
638
639
640
641
642
643
644
645
646
647
648
649
650
651
652
653
654
655
656
657
658
659
660
661
662
663
664
665
666
667
668
669
670
671
672
673
674
675
676
677
678
679
680
681
682
683
684
685
686
687
688
689
690
691
692
693
694
695
696
697
698
699
700
701
702
703
704
705
706
707
708
709
710
711
712
713
714
715
716
717
718
719
720
721
722
723
724
725
726
727
728
729
730
731
732
733
734
735
736
737
738
739
740
741
742
743
744
745
746
747
748
749
750
751
752
753
754
755
756
757
758
759
760
761
762
763
764
765
766
767
768
769
770
771
772
773
774
775
776
777
778
779
780
781
782
783
784
785
786
787
788
789
790
791
792
793
794
795
796
797
798
799
800
801
802
803
804
805
806
807
808
809
810
811
812
813
814
815
816
817
818
819
820
821
822
823
824
825
826
827
828
829
830
831
832
833
834
835
836
837
838
839
840
841
842
843
844
845
846
847
848
849
850
851
852
853
854
855
856
857
858
859
860
861
862
863
864
865
866
867
868
869
870
871
872
873
874
875
876
877
878
879
880
881
882
883
884
885
886
887
888
889
890
891
892
893
894
895
896
897
898
899
900
901
902
903
904
905
906
907
908
909
910
911
912
913
914
915
916
917
918
919
920
921
922
923
924
925
926
927
928
929
930
931
932
933
934
935
936
937
938
939
940
941
942
943
944
945
946
947
948
949
950
951
952
953
954
955
956
957
958
959
960
961
962
963
964
965
966
967
968
969
970
971
972
973
974
975
976
977
978
979
980
981
982
983
984
985
986
987
988
989
990
991
992
993
994
995
996
997
998
999
1000
1001
1002
1003
1004
1005
1006
1007
1008
1009
1010
1011
1012
1013
1014
1015
1016
1017
1018
1019
1020
1021
1022
1023
1024
1025
1026
1027
1028
1029
1030
1031
1032
1033
1034
1035
1036
1037
1038
1039
1040
1041
1042
1043
1044
1045
1046
1047
1048
1049
1050
1051
1052
1053
1054
1055
1056
1057
1058
1059
1060
1061
1062
1063
1064
1065
1066
1067
1068
1069
1070
1071
1072
1073
1074
1075
1076
1077
1078
1079
1080
1081
1082
1083
1084
1085
1086
1087
1088
1089
1090
1091
1092
1093
1094
1095
1096
1097
1098
1099
1100
1101
1102
1103
1104
1105
1106
1107
1108
1109
1110
1111
1112
1113
1114
1115
1116
1117
1118
1119
1120
1121
1122
1123
1124
1125
1126
1127
1128
1129
1130
1131
1132
1133
1134
1135
1136
1137
1138
1139
1140
1141
1142
1143
1144
1145
1146
1147
1148
1149
1150
1151
1152
1153
1154
1155
1156
1157
1158
1159
1160
1161
1162
1163
1164
1165
1166
1167
1168
1169
1170
1171
1172
1173
1174
1175
1176
1177
1178
1179
1180
1181
1182
1183
1184
1185
1186
1187
1188
1189
1190
1191
1192
1193
1194
1195
1196
1197
1198
1199
1200
1201
1202
1203
1204
1205
1206
1207
1208
1209
1210
1211
1212
1213
1214
1215
1216
1217
1218
1219
1220
1221
1222
1223
1224
1225
1226
1227
1228
1229
1230
1231
1232
1233
1234
1235
1236
1237
1238
1239
1240
1241
1242
1243
1244
1245
1246
1247
1248
1249
1250
1251
1252
1253
1254
1255
1256
1257
1258
1259
1260
1261
1262
1263
1264
1265
1266
1267
1268
1269
1270
1271
1272
1273
1274
1275
1276
1277
1278
1279
1280
1281
1282
1283
1284
1285
1286
1287
1288
1289
1290
1291
1292
1293
1294
1295
1296
1297
1298
1299
1300
1301
1302
1303
1304
1305
1306
1307
1308
1309
1310
1311
1312
1313
1314
1315
1316
1317
1318
1319
1320
1321
1322
1323
1324
1325
1326
1327
1328
1329
1330
1331
1332
1333
1334
1335
1336
1337
1338
1339
1340
1341
1342
1343
1344
1345
1346
1347
1348
1349
1350
1351
1352
1353
1354
1355
1356
1357
1358
1359
1360
1361
1362
1363
1364
1365
1366
1367
1368
1369
1370
1371
1372
1373
1374
1375
1376
1377
1378
1379
1380
1381
1382
1383
1384
1385
1386
1387
1388
1389
1390
1391
1392
1393
1394
1395
1396
1397
1398
1399
1400
1401
1402
1403
1404
1405
1406
1407
1408
1409
1410
1411
1412
1413
1414
1415
1416
1417
1418
1419
1420
1421
1422
1423
1424
1425
1426
1427
1428
1429
1430
1431
1432
1433
1434
1435
1436
1437
1438
1439
1440
1441
1442
1443
1444
1445
1446
1447
1448
1449
1450
1451
1452
1453
1454
1455
1456
1457
1458
1459
1460
1461
1462
1463
1464
1465
1466
1467
1468
1469
1470
1471
1472
1473
1474
1475
1476
1477
1478
1479
1480
1481
1482
1483
1484
1485
1486
1487
1488
1489
1490
1491
1492
1493
1494
1495
1496
1497
1498
1499
1500
1501
1502
1503
1504
1505
1506
1507
1508
1509
1510
1511
1512
1513
1514
1515
1516
1517
1518
1519
1520
1521
1522
1523
1524
1525
1526
1527
1528
1529
1530
1531
1532
1533
1534
1535
1536
1537
1538
1539
1540
1541
1542
1543
1544
1545
1546
1547
1548
1549
1550
1551
1552
1553
1554
1555
1556
1557
1558
1559
1560
1561
1562
1563
1564
1565
1566
1567
1568
1569
1570
1571
1572
1573
1574
1575
1576
1577
1578
1579
1580
1581
1582
1583
1584
1585
1586
1587
1588
1589
1590
1591
1592
1593
1594
1595
1596
1597
1598
1599
1600
1601
1602
1603
1604
1605
1606
1607
1608
1609
1610
1611
1612
1613
1614
1615
1616
1617
1618
1619
1620
1621
1622
1623
1624
1625
1626
1627
1628
1629
1630
1631
1632
1633
1634
1635
1636
1637
1638
1639
1640
1641
1642
1643
1644
1645
1646
1647
1648
1649
1650
1651
1652
1653
1654
1655
1656
1657
1658
1659
1660
1661
1662
1663
1664
1665
1666
1667
1668
1669
1670
1671
1672
1673
1674
1675
1676
1677
1678
1679
1680
1681
1682
1683
1684
1685
1686
1687
1688
1689
1690
1691
1692
1693
1694
1695
1696
1697
1698
1699
1700
1701
1702
1703
1704
1705
1706
1707
1708
1709
1710
1711
1712
1713
1714
1715
1716
1717
1718
1719
1720
1721
1722
1723
1724
1725
1726
1727
1728
1729
1730
1731
1732
1733
1734
1735
1736
1737
1738
1739
1740
1741
1742
1743
1744
1745
1746
1747
1748
1749
1750
1751
1752
1753
1754
1755
1756
1757
1758
1759
1760
1761
1762
1763
1764
1765
1766
1767
1768
1769
1770
1771
1772
1773
1774
1775
1776
1777
1778
1779
1780
1781
1782
1783
1784
1785
1786
1787
1788
1789
1790
1791
1792
1793
1794
1795
1796
1797
1798
1799
1800
1801
1802
1803
1804
1805
1806
1807
1808
1809
1810
1811
1812
1813
1814
1815
1816
1817
1818
1819
1820
1821
1822
1823
1824
1825
1826
1827
1828
1829
1830
1831
1832
1833
1834
1835
1836
1837
1838
1839
1840
1841
1842
1843
1844
1845
1846
1847
1848
1849
1850
1851
1852
1853
1854
1855
1856
1857
1858
1859
1860
1861
1862
1863
1864
1865
1866
1867
1868
1869
1870
1871
1872
1873
1874
1875
1876
1877
1878
1879
1880
1881
1882
1883
1884
1885
1886
1887
1888
1889
1890
1891
1892
1893
1894
1895
1896
1897
1898
1899
1900
1901
1902
1903
1904
1905
1906
1907
1908
1909
1910
1911
1912
1913
1914
1915
1916
1917
1918
1919
1920
1921
1922
1923
1924
1925
1926
1927
1928
1929
1930
1931
1932
1933
1934
1935
1936
1937
1938
1939
1940
1941
1942
1943
1944
1945
1946
1947
1948
1949
1950
1951
1952
1953
1954
1955
1956
1957
1958
1959
1960
1961
1962
1963
1964
1965
1966
1967
1968
1969
1970
1971
1972
1973
1974
1975
1976
1977
1978
1979
1980
1981
1982
1983
1984
1985
1986
1987
1988
1989
1990
1991
1992
1993
1994
1995
1996
1997
1998
1999
2000
2001
2002
2003
2004
2005
2006
2007
2008
2009
2010
2011
2012
2013
2014
2015
2016
2017
2018
2019
2020
2021
2022
2023
2024
2025
2026
2027
2028
2029
2030
2031
2032
2033
2034
2035
2036
2037
2038
2039
2040
2041
2042
2043
2044
2045
2046
2047
2048
2049
2050
2051
2052
2053
2054
2055
2056
2057
2058
2059
2060
2061
2062
2063
2064
2065
2066
2067
2068
2069
2070
2071
2072
2073
2074
2075
2076
2077
2078
2079
2080
2081
2082
2083
2084
2085
2086
2087
2088
2089
2090
2091
2092
2093
2094
2095
2096
2097
2098
2099
2100
2101
2102
2103
2104
2105
2106
2107
2108
2109
2110
2111
2112
2113
2114
2115
2116
2117
2118
2119
2120
2121
2122
2123
2124
2125
2126
2127
2128
2129
2130
2131
2132
2133
2134
2135
2136
2137
2138
2139
2140
2141
2142
2143
2144
2145
2146
2147
2148
2149
2150
2151
2152
2153
2154
2155
2156
2157
2158
2159
2160
2161
2162
2163
2164
2165
2166
2167
2168
2169
2170
2171
2172
2173
2174
2175
2176
2177
2178
2179
2180
2181
2182
2183
2184
2185
2186
2187
2188
2189
2190
2191
2192
2193
2194
2195
2196
2197
2198
2199
2200
2201
2202
2203
2204
2205
2206
2207
2208
2209
2210
2211
2212
2213
2214
2215
2216
2217
2218
2219
2220
2221
2222
2223
2224
2225
2226
2227
2228
2229
2230
2231
2232
2233
2234
2235
2236
2237
2238
2239
2240
2241
2242
2243
2244
2245
2246
2247
2248
2249
2250
2251
2252
2253
2254
2255
2256
2257
2258
2259
2260
2261
2262
2263
2264
2265
2266
2267
2268
2269
2270
2271
2272
2273
2274
2275
2276
2277
2278
2279
2280
2281
2282
2283
2284
2285
2286
2287
2288
2289
2290
2291
2292
2293
2294
2295
2296
2297
2298
2299
2300
2301
2302
2303
2304
2305
2306
2307
2308
2309
2310
2311
2312
2313
2314
2315
2316
2317
2318
2319
2320
2321
2322
2323
2324
2325
2326
2327
2328
2329
2330
2331
2332
2333
2334
2335
2336
2337
2338
2339
2340
2341
2342
2343
2344
2345
2346
2347
2348
2349
2350
2351
2352
2353
2354
2355
2356
2357
2358
2359
2360
2361
2362
2363
2364
2365
2366
2367
2368
2369
2370
2371
2372
2373
2374
2375
2376
2377
2378
2379
2380
2381
2382
2383
2384
2385
2386
2387
2388
2389
2390
2391
2392
2393
2394
2395
2396
2397
2398
2399
2400
2401
2402
2403
2404
2405
-0.004148208668822255 -0.01298977729088178 0
-0.007751912463169468 -0.05658854330912465 0
0.002620060206757452 0.004527401604316361 0
0.04891507594268794 0.006907293245199675 0
-0.003181990846938806 0.003574409611603893 0
-8.791153634155058e-05 0.00890879883021322 0
-0.005350571308546451 0.008883330232543701 0
-0.002649452337516463 0.01357663361649032 0
-0.007889549358568192 0.01357746391488445 0
-0.005281860410831472 0.01813101100597366 0
-0.01037811492100643 0.01807936126409174 0
-0.007853723800483124 0.02268975006237204 0
-0.01276257324078021 0.02274119238628858 0
-0.01046082769435099 0.02726869818819672 0
-0.4819770837472796 0.1981412572678981 0
-0.1979166666666668 0.4819578040878242 0
-0.4825414669942735 0.09292228801494319 0
0.09374999999999978 0.4819578040878242 0
-0.4807372968254525 -0.0309122724244616 0
-0.0944346106385346 0.4822749148823485 0
0.09806064274613294 0.0144189848142814 0
-0.01598710132367259 -0.1145353418368985 0
0.1767139987154326 0.01675035133960948 0
-0.4833322731363812 -0.1989889627340242 0
0.2395563033887157 0.483372628410094 0
-0.01691682882828732 -0.238804174890428 0
0.4832298935871526 0.2396618672420069 0
-0.2596216482478305 -0.4830405570434074 0
0.2814373225710098 0.01770911235115992 0
-0.4820262853078264 0.2799097477539912 0
-0.2812500000000002 0.4819578040878242 0
-0.4804579350966601 -0.117299199061104 0
-0.4808408048826458 -0.2831859650841792 0
0.01012857757546101 0.482702870957725 0
-0.176036412661702 -0.4828045343590711 0
0.323536797992374 0.4792172846385058 0
-0.01267410102682078 0.01384135274703675 0
0.4815180302852101 0.3246005955624699 0
-0.01803377006293885 -0.322999365994193 0
-0.3437620082990472 -0.4814799487733143 0
0.4818763635349461 0.1540146640574764 0
-0.4805746468986417 0.3675523509360398 0
-0.002475517711581735 0.02236678055169481 0
-0.4836836809107002 -0.3642194841321834 0
0.3678841870242947 0.01924966336922694 0
-0.3628950945307461 0.4827752516718604 0
0.3862975786309713 0.4812186818912151 0
0.1562499999999998 0.4819578040878242 0
-0.1145833333333333 -0.4819578040878242 0
-0.4810400189321554 0.0309884690749586 0
-0.01532339498438742 -0.1769893018871787 0
-0.004594746424347942 -0.02853582653033569 0
0.029154690129599 0.004317159010734151 0
0.483891542856056 0.3848928424682926 0
-0.01831011773160512 -0.3854293668412128 0
-0.4095303082847519 -0.4821889368225656 0
0.483554578521507 0.09244498749729158 0
-0.4826296548283999 0.4287118158174231 0
0.06867457970514818 0.00922482156913617 0
-0.01124356324297132 -0.08149585197454468 0
-0.4820948545258475 -0.4266066835083316 0
0.4304010024824004 0.01632521235854467 0
-0.005930647915601571 -0.04115161889767555 0
-0.4255881315312072 0.4824744640953821 0
0.1365243691745323 0.01648124934554168 0
-0.008361407853862204 0.004790405020357449 0
0.002680989350549223 0.01353577766267077 0
0.01826959301381917 0.004448425361655226 0
0.2395715354320492 0.0165929143800588 0
0.3245587565375135 0.01833935254241927 0
-0.2178441675537839 -0.4825902967378034 0
-0.1363784571508149 0.4821554984727559 0
-0.03169770834155615 0.4831071246143144 0
-0.4811161908635474 -0.1564035904658228 0
0.1979166666666664 0.4819578040878242 0
-0.2408366984539774 0.4793154493869545 0
-0.4819578040878242 -0.2395833333333334 0
0.4825449919859693 0.2797256500646927 0
-0.4795972112134489 0.1348044815843438 0
0.4279991120594128 0.4821698528764931 0
0.2794670760858304 0.4814801221756947 0
-0.07258500849717937 -0.4815229114069328 0
0.4824252582310706 0.4261872282657113 0
0.05191765478422633 0.4826568815176834 0
-0.301311199439102 -0.4844347735218506 0
-0.483206882675193 0.3234228348200766 0
-0.4815919652519992 0.2415388740283056 0
-0.482440459126849 -0.07326740200399964 0
-0.3219508571765722 0.4831481801098171 0
-0.4810940070587172 -0.3224609806461792 0
0.4833522033044413 0.198567483731009 0
-0.01908733300780065 -0.4244096267074098 0
-0.01717117655241189 -0.2821542275421414 0
-0.4479166666666665 -0.4819578040878242 0
0.4837029576062669 0.05282360638557584 0
-0.03113891404290309 -0.4818860834006514 0
-0.4697183757459878 0.4817128288001979 0
0.480520112999815 0.4674333969255807 0
0.4696898590361969 0.01584534686284977 0
-0.004508442515734699 -0.00260295050008541 0
-0.482870711716225 -0.4693647753095517 0
0.04009664308607726 0.006741682541232731 0
0.04485595124279507 0.01360057515351142 0
0.03720028590674032 0.01401680399508835 0
0.04119519503153142 0.02035057161848505 0
0.03387215991596348 0.02037134341196178 0
0.03759712264476026 0.02688382615367124 0
0.02928191965584316 0.02626480132215261 0
0.03379207961657919 0.03346904174816696 0
0.04183482293578648 0.03353014039084301 0
0.03808849472171846 0.04167063583350929 0
0.04790014269874587 0.04106394435303568 0
0.04255970013369882 0.05098195777070869 0
0.05346139313085743 0.05056284153908973 0
0.04766051073640659 0.06109152252628044 0
0.03602290411720643 0.06113930428575361 0
0.04088672579034708 0.07167974472547221 0
0.02827104684035593 0.07191952607815945 0
0.03380896739031171 0.08379547808582463 0
0.01973049041720021 0.08323588035507681 0
0.02752309847511525 0.09778435129723957 0
0.01055872473211238 0.09632180684476413 0
-0.01564728876494126 0.02737527041822657 0
0.0192553541001747 0.1126408140037186 0
-0.0002628305737910341 0.1105786997111475 0
0.008588917528836212 0.1283863030639814 0
-0.01182640423933183 0.126883794738089 0
0.02926326073519864 0.1296833117426856 0
-0.002575872610145469 0.1455401863598677 0
-0.02346481260030492 0.1443631297891017 0
-0.01411105515330656 0.162922739384845 0
-0.03506912374813714 0.1616389679437275 0
-0.04440560861798684 0.1430217159477287 0
-0.05602545119720578 0.1603122335360334 0
-0.06534829074287744 0.1414957695105236 0
-0.07698109156897047 0.1589460120849937 0
-0.08630300728640805 0.1401234435183635 0
-0.09793782033915018 0.1575992975364473 0
-0.107259912836703 0.1387799746058344 0
-0.1188950897583276 0.1562606396471214 0
-0.1282172735064205 0.1374426598224435 0
-0.139852524767974 0.1549243499601886 0
-0.1491747361197496 0.1361067648273367 0
-0.1608100043681332 0.1535886916023606 0
-0.1701322231505167 0.1347712116896731 0
-0.1584969490768486 0.117289203283241 0
-0.1794544420752139 0.1159537339063541 0
-0.1678191686216166 0.09847173423040423 0
-0.1887766633137027 0.09713628864483421 0
-0.1771413896496505 0.07965428601333979 0
-0.1817674954695562 0.1522531954404963 0
-0.1724452739006059 0.1710706360834612 0
-0.1980988845692182 0.07831884362350475 0
-0.1865229728280381 0.06176842599562623 0
-0.08861551658310057 0.1764157124548216 0
-0.1934027682087462 0.1697351850652617 0
-0.2074309995587364 0.05965666389585749 0
-0.1951126668100621 0.04204146648159009 0
-0.1840805467112013 0.1885526266864409 0
-0.2050380415643088 0.1872171833559953 0
-0.2166327819514847 0.04071351152423908 0
-0.2060518577723919 0.02374283008612479 0
-0.2262044250748223 0.02196158423172065 0
-0.2146107217249317 0.004490501261755896 0
-0.1957158201694922 0.2060346264215026 0
-0.2166733151305491 0.2046991846130705 0
-0.2283618256225718 0.05819676163849563 0
-0.2354409904849599 0.00308257904756825 0
-0.2237914408495359 -0.01440968357100215 0
-0.2073510937708454 0.2235166281729681 0
-0.2283085887557459 0.2221811867006033 0
-0.1934722468818472 0.005963923074355795 0
-0.2447253521382415 -0.01575891511992138 0
-0.2330837685433415 -0.03324492590238129 0
-0.2540362812602035 -0.03458333370104161 0
-0.2423991255767941 -0.05206649855246906 0
-0.2376308101009362 0.2033637429362549 0
-0.2492660837431768 0.2208457452639078 0
-0.2399438623961399 0.2396631890022349 0
-0.2585883050887888 0.2020283015055042 0
0.05585312455255301 0.07256038776135072 0
-0.2633554765171661 -0.0534026280706959 0
-0.2517196985226878 -0.07088493888709724 0
-0.2609013573875472 0.2383277476215646 0
-0.2307621194723095 -0.06954954892536244 0
-0.2404448120885555 -0.088188445682721 0
-0.2611016256127904 -0.08967285087436316 0
-0.2498370629371048 -0.106971209638163 0
-0.2704454695000569 -0.1084795926961525 0
-0.258813799610821 -0.1259598114209956 0
-0.2383345287048874 -0.1232308367053976 0
-0.2474577412787667 -0.1431107206263352 0
-0.2681255766901141 -0.1447503020359885 0
-0.2564885623328825 -0.1622278122263655 0
-0.2353601525141757 -0.1596519054777817 0
-0.2447759460485291 -0.1795522629860334 0
-0.2657490364055263 -0.1810681899808683 0
-0.2541034715471864 -0.1985540146944971 0
-0.265670724527531 -0.01710182572675108 0
-0.2515791360408651 0.2571451913648923 0
-0.2331442613528313 -0.1972192103822999 0
-0.2424670808574642 -0.2160674782988437 0
-0.263424675542841 -0.2174080570283939 0
-0.2517892323383366 -0.2348961591719216 0
-0.2727467156864201 -0.2362334733942276 0
-0.261111411839903 -0.2537168045430781 0
-0.2401539118141849 -0.2523815846367514 0
-0.2725366310329944 0.255809749994393 0
-0.2820688998581022 -0.2550527795150638 0
-0.1655061159195317 0.06217228245366685 0
-0.02573624898508919 0.1804175673960018 0
-0.004776273262280112 0.1817273844547906 0
-0.01639874580860382 0.1992231218742881 0
0.004559486685729641 0.2005433230261349 0
-0.007071628684999665 0.2180379591132479 0
0.01389332421124964 0.2193558465032355 0
0.002261879653445181 0.2368499180915304 0
0.02322789830390617 0.2381673304949699 0
0.0116044470916135 0.2556573172726092 0
0.03256471256667251 0.2569775903214059 0
0.04418779104035245 0.2394878079796783 0
0.05352306214300108 0.2582987921010845 0
0.06514642900128997 0.2408088800949462 0
0.07448150392847364 0.2596199522297502 0
0.08610487426278329 0.2421300380294231 0
0.09543990725672102 0.2609411297052355 0
0.10706328163325 0.2434512135803014 0
0.1163983080177229 0.2622623083115954 0
0.1280216822606723 0.2447723922557285 0
0.1373567070108602 0.2635834877346714 0
0.1489800814696093 0.2460935715880336 0
0.1583151059726348 0.2649046672419503 0
0.169938480436904 0.2474147510438514 0
0.179273504902832 0.2662258467204639 0
0.1908968793656364 0.248735930498725 0
0.2002319038201967 0.2675470262121508 0
0.2118552782718546 0.2500571099891059 0
0.2211903027171754 0.268868205784398 0
0.2328136771778969 0.2513782894820973 0
0.2421487016319021 0.2701893851920933 0
0.2537720760868679 0.2526994689480985 0
0.2631071005538223 0.2715105645609136 0
-0.009352085237894568 0.2543352313089919 0
0.1396450570056591 0.2272824759728544 0
0.2747304750506688 0.2540206484983639 0
0.2653954505399256 0.2352095528019589 0
0.2840654994879079 0.2728317441919038 0
0.2025202538067228 0.2312460143611959 0
-0.2494761253474087 -0.2711995988980554 0
-0.2285186282140278 -0.2698642895260833 0
-1.737191615305139e-05 0.273146478018979 0
-0.02098675277141802 0.2718222764729524 0
-0.2632144096864917 0.2746271937402494 0
-0.2422569146941547 0.2759626351078215 0
-0.2841719046787712 0.2732917523718667 0
0.2863538495123545 0.236530732495941 0
0.06285812660536547 0.2771098696638062 0
0.1257333325727186 0.2810734039844914 0
-0.2934941260251914 0.2544743086248486 0
0.2770188249866679 0.217719636683672 0
0.1886085293457574 0.2850369424884765 0
-0.2937041723418244 -0.2375708660700219 0
-0.3030263855914763 -0.2563887255700968 0
0.2979772239049013 0.2190408162870543 0
-0.2378408479012508 -0.2886818503581377 0
-0.2168833522755926 -0.2873464505036831 0
0.2514837260581918 0.2890004809961688 0
-0.0116423693308703 0.2906357897445597 0
-0.03260103872367075 0.2893145094856258 0
-0.2538921883399846 0.2934446374860438 0
-0.2329346933476665 0.2947800788538836 0
-0.3051293996710669 0.2719563110037134 0
0.2886421994208344 0.2002297205356165 0
-0.3144516210174899 0.2531388672567336 0
0.3096005983278885 0.2015509000081522 0
0.3189356228172274 0.2203619958984145 0
-0.2262055732397693 -0.3061639206837822 0
-0.2052480780782238 -0.3048284906402546 0
-0.195925856703781 -0.2860110487806532 0
-0.3146616594014948 -0.238906716770467 0
-0.1842905829057804 -0.3034930615427834 0
-0.02326416171027557 0.3081260735074681 0
-0.04422263477015555 0.3068048730216478 0
-0.3239838788055575 -0.2577242612454491 0
-0.2445699669935533 0.3122620812329059 0
-0.2236124720012281 0.3135975226006457 0
-0.1749683615848648 -0.2846756160652624 0
-0.07342712548922181 0.123007111655172 0
0.3002655738579783 0.1827398043709304 0
0.3212239727655287 0.1840609838406944 0
-0.3260868946633823 0.2706208696358367 0
-0.01311291784515342 0.03206164020422922 0
-0.01884421248098389 0.03213373101160177 0
-0.02108576236613821 0.02736836320101881 0
-0.0249669624973071 0.03207422306421089 0
-0.02722192669410205 0.02567738005544246 0
-0.03178778951546458 0.03215675396357215 0
-0.03529941466792214 0.02586276052327539 0
-0.03961321237391516 0.03244947216891361 0
-0.04365698809887796 0.02475178038902236 0
-0.04821214052693628 0.03262106793905378 0
-0.05275700163968531 0.02442590569121549 0
-0.04763992439870139 0.01646199147359486 0
-0.05687568908350371 0.01586850764790757 0
-0.0515520494235823 0.007852979641461588 0
-0.06126446798988532 0.007183262205960994 0
-0.05552319918210624 -0.001040238899990331 0
-0.06557565743464373 -0.00184201896624353 0
-0.05992092438955017 -0.009923645523899655 0
-0.07016142135697481 -0.01165635232301979 0
-0.05804790532907571 0.03275321555552793 0
-0.07150783428755864 0.006922581800262985 0
-0.1863935987763082 0.2248520695095473 0
0.2793071749485522 0.1814186248893206 0
-0.3167646733169538 0.2894383133827387 0
-0.312348605455855 -0.2752062479065965 0
-0.3333061002011895 -0.2765417023728061 0
-0.3216708265633479 -0.2940237043152438 0
-0.1936128042820394 -0.3223105032447087 0
-0.1726553092647101 -0.3209750635809826 0
-0.3354091160098085 0.251803425888903 0
-0.06252077226887728 -0.02056238349570078 0
-0.07585172230253871 -0.02234605465148884 0
-0.03488727689837473 0.3256160523869991 0
-0.05584566963378887 0.3242948741643359 0
-0.01392885946495322 0.3269372367136698 0
-0.3356191527753274 -0.2402422420784072 0
-0.02828414524557992 0.0392048836455786 0
-0.05325173973669137 0.04170610027804773 0
-0.06896503827097238 -0.03253368414143827 0
-0.08277351256889479 -0.03447339310448053 0
-0.3377221683092765 0.2881028720149675 0
-0.3283999469628485 0.3069203157618742 0
-0.2352477456471223 0.3310795249797741 0
-0.2142902506547981 0.3324149663475257 0
-0.3426283215045314 -0.2953591483947161 0
-0.3309930478626449 -0.3128411505516747 0
-0.06521614999928789 0.04182639310854525 0
0.3118889482980606 0.1652498882220465 0
0.3328473472061007 0.1665710676944441 0
-0.06518069302358584 0.3054837787435799 0
-0.0768040107351543 0.3229737090620777 0
-0.06746895767244383 0.3417848118589939 0
-0.1819775306117808 -0.3397925072711817 0
-0.1610200356136323 -0.3384570663008757 0
-0.3519505428471325 -0.3141765923345394 0
-0.3403152692004524 -0.3316585947457216 0
-0.08842654056936519 0.3404641766095429 0
-0.3493574419551727 0.3055848743941213 0
-0.3400352206087449 0.3244023181410318 0
-0.0977770017007623 0.3216470510938911 0
-0.08956092649691219 -0.0197621378519475 0
-0.09776685659765455 -0.03534322887682891 0
-0.08889022910251551 -0.04952776576513332 0
-0.1061489698026463 -0.05176643623542648 0
-0.09546887409632639 -0.06717030189503997 0
-0.11540699732285 -0.06962564459357709 0
-0.1033511409361817 -0.08605556507070233 0
-0.2259255243006945 0.3498969687266844 0
-0.20496802930837 0.3512324100944323 0
-0.361272764190727 -0.3329940362216877 0
-0.349637490544844 -0.3504760385905919 0
-0.3286799955525649 -0.3491405972209409 0
0.3235123227391211 0.1477599720793308 0
0.3444707216473243 0.1490811515527564 0
0.3538057461141511 0.167892247166809 0
0.3654291205395871 0.1504023310341928 0
-0.3609927156010693 0.3230668767732826 0
-0.3516704942546416 0.3418843205201942 0
0.02622953373831671 0.0332166954135141 0
-0.170342256960842 -0.3572745099816066 0
-0.1912997519533151 -0.3586099513385215 0
-0.1493847619677203 -0.3559390686688757 0
-0.1400625406213483 -0.3371216249310741 0
-0.3635858164919027 -0.2966945900246439 0
-0.1240627927769516 -0.08825645142604979 0
-0.1116412566419645 -0.1051557042191843 0
-0.07909219615792742 0.3592748186822539 0
-0.3705949855368473 -0.3518114799748634 0
-0.3703149369474966 0.3042494330263701 0
-0.05119931562159602 -0.008078631322823396 0
0.07676984974650519 0.2233189431606963 0
-0.2166033029542667 0.3687144124735949 0
-0.2375607979465912 0.3673789711058469 0
-0.1956458079619422 0.3700498538413433 0
-0.2026549770089013 0.3149329639683621 0
-0.128427266975279 -0.3546036273098133 0
-0.1324962884838147 -0.1074385779439249 0
-0.1200350898794385 -0.1243751202571324 0
0.3747641449148827 0.1692134266936842 0
-0.3380022168984995 -0.3679580409839766 0
-0.3170447219061436 -0.3666225996184057 0
-0.3726279892469661 0.3405488791524459 0
-0.3633057679005385 0.359366322899358 0
-0.3423482729082139 0.3607017642671062 0
0.3560940960860408 0.1315912354134339 0
0.3770524949778975 0.1329124148953432 0
-0.1377494883215162 -0.3734210710567687 0
-0.1191050456290203 -0.3357861835642895 0
-0.3237738423639116 0.2343214235097352 0
-0.3447313373562347 0.232985982141967 0
-0.3330960637103382 0.2155039797628047 0
-0.3540535587026626 0.2141685383950538 0
-0.3424182850567661 0.1966865360158894 0
-0.3633757800490905 0.1953510946481408 0
-0.351740506403194 0.1778690922689765 0
-0.3726980013955183 0.1765336509012285 0
-0.3610627277496219 0.1590516485220643 0
-0.3401052327572974 0.1603870898898122 0
-0.3494274541037252 0.1415696461429 0
-0.3284699591114008 0.142905087510648 0
-0.3377921804578286 0.1240876437637358 0
-0.358749675450153 0.1227522023959878 0
-0.3471144018042563 0.1052702000168236 0
-0.3680718967965807 0.1039347586490755 0
-0.3564366231506839 0.08645275626991139 0
-0.3773941181430084 0.08511731490216315 0
-0.3657588444971116 0.06763531252299902 0
-0.3448013495047871 0.06897075389074731 0
-0.3541235708512147 0.05015331014383496 0
-0.3750810658435392 0.04881786877608665 0
-0.3634457921976423 0.03133586639692264 0
-0.316834685465504 0.1254230851314839 0
-0.3750110536949869 0.2128330970273047 0
-0.3844032871899668 0.03000042502917442 0
-0.37276801354407 0.01251842265001035 0
-0.3262969314830398 -0.2214247955334009 0
-0.347254426214596 -0.2227602504250251 0
-0.3379322048338916 -0.203942808465629 0
-0.3588896997769988 -0.2052782523854687 0
-0.3495674784168167 -0.1864608093617102 0
-0.3705249733986029 -0.1877962512755255 0
-0.3612027520482875 -0.1689788077400358 0
-0.3798471947430858 -0.2066136951135081 0
-0.3821602470381647 -0.1703142492342252 0
-0.3728380256908423 -0.1514968055435092 0
-0.3539835465541109 0.3781837666462702 0
-0.3749410415464352 0.3768483252785221 0
-0.3330260515617863 0.3795192080140184 0
-0.1409103226176358 -0.1267140967946306 0
-0.1284549681008013 -0.1436251704214365 0
-0.1167919933291731 -0.3720856296910072 0
-0.1041635897304822 -0.02217625242685349 0
-0.1380861331293106 -0.06951399367309891 0
-0.1000497516138495 0.3579541997447534 0
-0.09071552073745735 0.3767647677487552 0
-0.06975728036792084 0.3780858418372814 0
-0.3263669432523226 -0.3854400433684823 0
-0.3054094482599945 -0.3841046020014316 0
-0.3331660758588901 0.05148875151158329 0
-0.3890293917889052 0.1025993172813275 0
-0.05652500325274563 -0.0314131089258838 0
-0.3937255085363946 0.01118298128226224 0
-0.3820902348904978 -0.006299021096901905 0
-0.3611327398981733 -0.004963579729153816 0
-0.370454961244601 -0.02378102347606603 0
-0.3914124562369256 -0.02511646484381411 0
-0.3797771825910288 -0.04259846722297823 0
-0.3588196875987043 -0.04126302585523019 0
-0.004920886897737467 0.09326693030646346 0
-0.2282385766001636 0.3861964148527589 0
-0.1075762482552543 -0.1412856462055271 0
-0.11599891705881 -0.1605339227666945 0
-0.1368705122342243 -0.1628682456146355 0
-0.1244154517365336 -0.1797765772320028 0
0.3677174705264968 0.1141013192735453 0
0.3886758694345994 0.1154224987474422 0
-0.03123245599140703 0.01991547092430432 0
-0.3937955206825669 -0.15283224694189 0
-0.1444393821777774 -0.1814859916689256 0
-0.1326891789275734 -0.1989130551718683 0
-0.1119366589954777 -0.1966668250778001 0
-0.1203474906564066 -0.2159043202484917 0
-0.05858329712012264 0.05286218639237764 0
-0.07212394300880574 0.05360353312392913 0
-0.1453162409888704 0.09960595587301815 0
0.01548512404798147 0.07067606042146668 0
-0.1524278909617056 -0.1976760980816532 0
-0.1116739113244152 0.375443593713279 0
-0.02803928747232534 0.2167147593779466 0
-0.1305302996907594 0.1737417416653269 0
-0.3844732993360511 -0.1340148032093348 0
-0.3635158043437062 -0.132679361843791 0
-0.2027249894411304 0.1509177397099352 0
-0.04196836803839409 0.2704934243251927 0
-0.2820109608920024 -0.09103216233677958 0
0.3467590716208049 0.1127801397984356 0
-0.398351613135333 0.08378187353441498 0
-0.2097341582230113 0.09580084610930406 0
-0.1840105343160454 0.3525678514621792 0
-0.2960872269137548 -0.3652871582545763 0
-0.2844519532676605 -0.3827691606346934 0
-0.3190777256164203 0.3257377595087795 0
-0.2491960715924881 0.3848609734850106 0
-0.3822302591828702 -0.3343294775985358 0
-0.391552480529079 -0.353146921347024 0
-0.3473244382446238 -0.3867754847369547 0
-0.179664478306457 -0.3760919537709564 0
-0.2006219732986645 -0.3774273951459742 0
-0.2470550597593543 0.02055250128587465 0
0.3025539238308331 0.1464387926053355 0
-0.1261142146754154 -0.3909030734376474 0
-0.1051567196831001 -0.3895676320699926 0
-0.09583449833686242 -0.3707501883230369 0
0.3980108938432994 0.1342335945478121 0
-0.1023390177770086 0.394254602328016 0
-0.1232974371073035 0.392933409211333 0
-0.07643921111649758 -0.06199106519393209 0
-0.3446613252076833 0.3970012103931825 0
-0.3237038302153588 0.3983366517609308 0
-0.1889866996524422 -0.3949093975350948 0
-0.2099441946447115 -0.3962448389059107 0
-0.4007346775831651 -0.04393390859122329 0
-0.2195859826556728 -0.0862174772243044 0
-0.09949639196122183 -0.2135854588659142 0
-0.1073400550396799 -0.2324051391138452 0
-0.2135767759835766 -0.0318458347962929 0
-0.007478304420738373 0.03208856260609694 0
-0.01039463418251969 0.03705329234323461 0
-0.004075958607817586 0.03725154955874438 0
-0.007881086965944493 0.04311200296327021 0
-0.4031177420287064 -0.1716496906939672 0
-0.219196406510946 -0.251046867778408 0
-0.4031877541751402 -0.3356649189686778 0
-0.2937741746139012 -0.4015866043814964 0
-0.4053607821822912 0.02866498366142622 0
-0.1604582611166164 -0.1651006548631024 0
0.3793408449715406 0.09661140313143646 0
0.4002992438791753 0.0979325826055808 0
-0.405430794328218 -0.1353502445847743 0
-0.09512876571448763 -0.1582012996574616 0
-0.4099868867812297 0.1012638759135793 0
-0.07930063938849388 0.04038614082297413 0
-0.08747766979057892 0.05406286505806566 0
-0.0954197952056442 0.03884691094458009 0
0.02226147319865121 0.02747063808165218 0
-0.4146830035287191 0.009847539914514106 0
-0.3356891645985312 -0.4042574871169959 0
-0.3566466595908372 -0.405592928485208 0
-0.2398738502460604 0.4036784172319229 0
-0.218916355253736 0.4050138585996712 0
-0.09117074165972239 -0.1030466542698552 0
-0.3075124641190762 0.144240528878396 0
-0.2958771904731795 0.1267585264992318 0
-0.275129731921427 -0.3639517168875082 0
-0.340245257055297 -0.1676433664073281 0
-0.2913367564686249 -0.109847836028194 0
-0.3029580567166889 -0.09237275671978773 0
0.01923925588456746 0.0332016621924513 0
-0.0004943364279743345 0.04316162254831572 0
-0.4193091081276575 0.08244643216666697 0
-0.1139624379052839 0.4117444880809913 0
-0.1349208444170326 0.4104233034932609 0
-0.09300404320311484 0.4130656648144161 0
-0.4125099755213699 -0.3544823627160483 0
-0.1144789410293375 -0.4083850758169889 0
-0.09352144603702559 -0.4070496344491 0
-0.3961085729818902 -0.1165328008424787 0
-0.2585182929389157 0.3660435297380983 0
-0.1983089209986058 -0.4137268412871118 0
-0.2192664159909045 -0.4150622826559078 0
-0.08695157893066827 -0.2304270759430797 0
-0.09503167199320053 -0.2494209265412977 0
0.04243659452120577 0.09726498981145855 0
0.04915002438937198 0.0205526698455195 0
0.01618211049966181 0.1830456742049908 0
-0.06458214166493204 0.06610771900639791 0
-0.004181081592727925 0.04979544038049863 0
-0.0786170755136669 -0.2112458023338678 0
0.01622388604786336 0.02742494226842471 0
-0.1055353416109472 0.05452045980453241 0
-0.1142929523827042 0.03779855496527968 0
-0.1533663938052995 -0.1097584210748219 0
0.3909642194128634 0.07912148699119914 0
0.3700058205046867 0.0778003075173252 0
0.41192261832111 0.08044266646503792 0
0.4212576427879438 0.09925376207915912 0
-0.04904145041036218 0.06339697188672681 0
-0.3353391038612557 0.4158186541400948 0
-0.3562965988535802 0.4144832127723466 0
-0.3143816088689312 0.4171540955078432 0
-0.1287906369949758 -0.2326205552952925 0
-0.1210293690284091 0.3566231455770366 0
-0.4170455663232633 -0.1178545971887527 0
0.009317589410984262 0.2919573722111983 0
-0.2469530314427565 0.1845462991244247 0
-0.02555217970878855 0.3444271660366321 0
-0.004593776613767336 0.34574834661521 0
-0.0162171396711465 0.3632382655171723 0
0.004741260146393617 0.3645594452711154 0
-0.006882111924334175 0.3820493619721494 0
0.01407628717624546 0.3833705415484879 0
0.02569966219072223 0.3658806255675149 0
0.03503468663695458 0.3846917212127464 0
0.04665806126977436 0.3672018051383487 0
0.0559930856634725 0.3860129007707306 0
0.06761646017055503 0.3685229846655573 0
0.07695148458791334 0.3873340803037314 0
0.08857485907870039 0.3698441641945711 0
0.09790988349656882 0.3886552598328694 0
0.1095332579840864 0.3711653437229084 0
0.1188682824021335 0.3899764393612508 0
0.1304916568891208 0.3724865232511615 0
0.1398266813071244 0.3912976188894919 0
0.1514500557939519 0.373807702779362 0
0.1607850802119857 0.392618798417701 0
0.1724084546987933 0.3751288823075673 0
0.1817434791168273 0.3939399779459055 0
0.1933668536036302 0.3764500618357695 0
0.2027018780216648 0.3952611574741088 0
0.2143252525084674 0.3777712413639744 0
0.2236602769265016 0.3965823370023123 0
0.2352836514133039 0.3790924208921775 0
0.2446186758313383 0.3979035165305156 0
0.2562420503181405 0.3804136004203808 0
0.2655770747361749 0.399224696058719 0
0.2772004492229772 0.3817347799485841 0
0.2865354736410114 0.4005458755869222 0
0.2981588481278138 0.3830559594767874 0
0.3074938725458481 0.4018670551151249 0
0.3191172470326505 0.3843771390049907 0
0.3284522714506851 0.4031882346433284 0
0.3400756459374872 0.385698318533194 0
0.3307406215194527 0.3668872228948558 0
0.3516990204242894 0.368208402423059 0
0.3610340448423239 0.3870194980613971 0
0.3726574193291259 0.3695295819512621 0
0.3633223949110915 0.350718486312924 0
0.3819924437471606 0.3883406775896 0
0.3842807938159279 0.3520396658411272 0
0.3749457693978938 0.3332285702027893 0
0.3539873704930572 0.3319073906745857 0
0.3656107449798596 0.3144174745644511 0
0.3865691438846962 0.3157386540926546 0
0.377234119466662 0.2969275584543165 0
0.2888238237097792 0.364244863838449 0
0.3981925183714986 0.2982487379825199 0
0.3888574939534643 0.2794376423441817 0
0.1282033068203171 0.4087875349996256 0
0.002452913200914106 0.400860457783782 0
0.4075275427895326 0.3170598336208583 0
0.04436971117261458 0.4035028168798729 0
0.3703690692603591 0.4058305936997346 0
0.3913274681651953 0.4071517732279376 0
0.4029508426519972 0.3896618571178029 0
0.3678990950486276 0.2781164628159785 0
0.3795224695354298 0.2606265467058436 0
0.4004808684402664 0.2619477262340467 0
0.3911458440222318 0.2431366305957087 0
0.2259486269952693 0.3602813252538378 0
0.1630734302807584 0.3563177866692261 0
0.100198233566092 0.3523542480845738 0
0.08628650900973905 0.4061451759429979 0
0.4122858670700321 0.4084729527561409 0
0.4121042429270684 0.2444578101239117 0
0.3446523460750229 0.3130962950362476 0
0.05828143575590058 0.349711889028042 0
0.170120104630025 0.4114298940560404 0
0.2120369024396996 0.4140722531124474 0
0.4027692184865393 0.2256467143224501 0
-0.01850548569484524 0.3995392782577854 0
-0.009170461095468437 0.4183503739405504 0
-0.03012886003052891 0.4170291944049427 0
-0.3820202227419464 0.1577162071543164 0
-0.3936554963878429 0.1751982095334806 0
-0.4029777177342708 0.1563807657865685 0
-0.4146129913801674 0.1738627681657327 0
-0.1307403192750907 -0.3183041811854906 0
-0.1102287557093582 -0.3172655327172969 0
-0.2471630681684036 -0.3074993664572582 0
0.3631407705630288 0.1867033427895143 0
-0.2122572469447215 -0.3599453927681043 0
0.2560604260685965 0.2163984571768195 0
-0.3565766475173738 -0.2415776964259757 0
-0.310035552871032 -0.3115057091466991 0
-0.3214607900644416 0.1980219773836371 0
-0.221299419701771 0.2772980764747348 0
-0.3563666110021314 0.2504679845211337 0
-0.3238438545124625 0.07030619525849569 0
-0.3122085808665657 0.05282419287933171 0
-0.3215308022129931 0.03400674913241931 0
-0.4008747018752946 -0.371964365095155 0
-0.4218321968676 -0.3732998064634119 0
-0.4101969232215269 -0.3907818088424087 0
-0.1773514260062893 -0.4123913999195106 0
-0.3028863595201381 0.07164163662624395 0
-0.3681419089449671 -0.06008046960203253 0
0.2533728115425293 0.416306032733441 0
-0.01265827356956235 0.04953933702415823 0
-0.00831447317608193 0.05740711563430904 0
0.01887134181541779 0.02251740076190494 0
0.4191509172763354 0.2995699175107238 0
0.4237276174101213 0.226967893986589 0
0.4143925929095871 0.208156798138782 0
0.2967080706963993 0.4217295869701128 0
0.05936064684150269 0.03986533557526183 0
0.06602007435771601 0.05065083956896112 0
-0.4239352127265952 0.1550453244188202 0
-0.4311544182138368 -0.3921172502104104 0
-0.4195191445677631 -0.4095992525894552 0
-0.0745058573112482 -0.2473416898670068 0
-0.08242147182909407 -0.266214373968398 0
0.02259881761709133 0.03961991432872723 0
-0.01806783151267029 0.05697492484658755 0
-0.1219383512598618 -0.2998329958215865 0
-0.09563596491514506 0.07058061893145542 0
0.4239092415568341 0.3909830366460058 0
-0.2305516288996329 0.4224958609788352 0
-0.2095941339073085 0.4238313023465836 0
-0.2515091238919575 0.4211604196110869 0
-0.4241452491674408 -0.3370003603371796 0
-0.4148230278212037 -0.3181829165902023 0
-0.4264128504512262 -0.1365969259653228 0
-0.3450113859447593 -0.4230749308644615 0
-0.3659688809370688 -0.424410372232499 0
-0.0565221884861237 0.07893889112046161 0
0.4006624925832297 0.4259628688662755 0
0.4216208914880667 0.4272840483944791 0
-0.1028436673832631 -0.4258670781960947 0
-0.1238011623755737 -0.4272025195640533 0
-0.08188617239095197 -0.4245316368281444 0
-0.07256395104471447 -0.4057141930811398 0
-0.426318277174616 0.02732954229367805 0
-0.4356404985210435 0.008512098546765753 0
0.4284859416943692 0.3183810131490621 0
0.4328810172294553 0.08176384593882749 0
-0.1746612646057523 0.3714009649129817 0
0.3585640706305931 0.2593053671776405 0
-0.34718441395278 -0.05874502823437595 0
-0.3378621926063752 -0.03992758448747893 0
-0.4077404296861075 -0.09904852429491201 0
-0.4286768535371898 -0.100369941612124 0
-0.2912510858742411 0.0541596342470801 0
-0.2819288645278136 0.07297707799399224 0
-0.3565066352989941 -0.07756247198139335 0
-0.2865549691267517 0.1455759702461439 0
-0.274919695480855 0.1280939678669797 0
-0.2701535665848125 0.3835255321172626 0
-0.2655274619858762 0.3109266398651344 0
-0.2728166796215871 -0.4002511630137057 0
-0.2821389009678241 -0.4190686067607066 0
-0.3169747098358361 -0.2026073673956032 0
-0.2794757879312402 0.3647080883703501 0
-0.3122814835957367 -0.1111896032259663 0
0.01352701169274401 0.02248468305350379 0
0.01075697452148718 0.02713017171655281 0
-0.04238892322123396 0.007946723398171845 0
-0.4309443817735542 0.09992843454583125 0
0.4330626418312813 0.2457789896475842 0
0.4025709940028124 0.06189490094145002 0
0.01609224184100438 0.01779500379869674 0
-0.1255858254694864 0.4292343954935647 0
-0.1465442290112949 0.4279132128814622 0
-0.1030466647949904 0.02252915012959397 0
-0.1226234921017392 0.020351248317862 0
-0.435570486372492 0.1725273267979845 0
-0.4262482650260636 0.1913447705448965 0
-0.3469743775071525 0.4333006565192588 0
-0.3679318724994771 0.4319652151515104 0
0.02101852784603199 0.01751687416327762 0
-0.1866736473525135 -0.4312088436674122 0
0.004652451469850383 0.04910175663793139 0
-0.4402666031199821 0.08111099079891912 0
0.07216792292669011 0.03877541608787929 0
0.08014968630982622 0.05068926955542565 0
-0.4357805228135128 -0.3195183579582582 0
-0.4264583014672757 -0.300700914211272 0
0.4353509918856725 0.2094779778596669 0
0.4260159673718829 0.1906668820820543 0
-0.04173601621050647 0.0777407529522721 0
-0.04801025191279908 0.09256105947587759 0
-0.02079383558730782 0.4358402900494512 0
-0.04175223449298388 0.4345191105210425 0
0.0001645633217265963 0.4371614695786828 0
-0.06202635963202954 -0.2642314217797142 0
-0.07054995558928782 -0.283294821815668 0
0.4401093161811722 0.3008910970389277 0
-0.2212294075532056 0.4413133047257476 0
-0.2002462051155022 0.4426742596294551 0
-0.01285894593918462 0.0663852676745021 0
-0.4451027441597491 -0.3383358017052812 0
-0.440476639560074 -0.4109346939574235 0
-0.4288413659140001 -0.4284166963364694 0
0.4421738694775204 0.1005958695574681 0
-0.1886218761181127 0.4251751827915885 0
-0.1630290980913469 0.3539188383358197 0
-0.08670327486723833 -0.1389313260627911 0
-0.07425822826073053 -0.155864922688694 0
-0.06584120669171661 -0.1366017252506376 0
-0.1792265489402282 0.44403779507214 0
-0.1558817823142019 0.4091002341539126 0
-0.1617811734927996 -0.1290426256075407 0
-0.1737232050494231 -0.1123573358105949 0
-0.1825659202775785 -0.1314180946156091 0
-0.1649893567779264 -0.09351685112749994 0
0.3818108195548883 0.2243255346129986 0
-0.1166071224088609 0.1203549765131889 0
-0.1631230516923519 0.1898880677014287 0
-0.3262269189604776 -0.05740958686664251 0
-0.3169046976140549 -0.03859214311973344 0
-0.305269423967712 -0.0560741454990636 0
-0.4193744694366643 -0.08156570068828209 0
-0.2702935908819415 0.05549507561481181 0
-0.2796158122283485 0.03667763186791335 0
-0.2609713695354138 0.07431251936161123 0
0.007029609635307674 0.3282584333824706 0
-0.05108725891115876 0.4157080148826702 0
-0.06271063339392596 0.4331979309937938 0
0.3330289715882205 0.3305862111463821 0
0.3236939471701864 0.3117751155080439 0
0.3141772982721953 0.1289488764646136 0
0.2932188993639013 0.127627696990584 0
0.3048422738053277 0.110137780850289 0
0.2838838748970558 0.1088166013764067 0
0.2722605004556298 0.1263065175167061 0
0.2629254759887918 0.1074954219025783 0
0.2513021015473644 0.1249853380428685 0
0.2419670770805273 0.1061742424287468 0
0.2303437026391 0.123664158569037 0
0.2210086781722631 0.1048530629549169 0
0.2093853037308358 0.1223429790952068 0
0.2000502792639989 0.1035318834810869 0
0.1884269048225716 0.1210217996213768 0
0.1790918803557347 0.102210704007257 0
0.1674685059143074 0.1197006201475467 0
0.1581334814474704 0.100889524533427 0
0.1465101070060433 0.1183794406737168 0
0.1768035303811468 0.1385117157616675 0
0.2187203281976726 0.1411540747093266 0
0.1371750825392062 0.09956834505959711 0
0.1255517080977789 0.117058261199887 0
0.1348867325646166 0.1358693568140067 0
0.1139283336563515 0.1345481773401769 0
0.1232633581231893 0.1533592729542967 0
0.1023049592149242 0.1520380934804669 0
0.2116736537054263 0.08604196734079692 0
0.2955072493384844 0.09132668523612547 0
0.1045933091895146 0.1157370817260571 0
0.2535904515219547 0.08868432628845688 0
0.1116399836817611 0.1708491890945865 0
0.09068158477349691 0.169528009620756 0
0.1325983825900275 0.1721703685684162 0
0.1487984569806336 0.08207842891930722 0
0.1278400580723694 0.08075724944547734 0
0.08134656030665988 0.150716914006637 0
0.06972318586523271 0.1682068301469261 0
0.1402449554681482 0.06378671452234906 0
0.1605520852477861 0.06467507631521087 0
0.1206344763411902 0.06409562970442971 0
0.1000166092403311 0.1883391052348742 0
0.3120705726833838 0.3292650316181784 0
0.3027355482687662 0.3104539359781449 0
0.3143589227561384 0.2929640198677284 0
0.2911121737791166 0.3279438520896925 0
-0.2655974741344271 0.1469114116138918 0
-0.2539622004885305 0.1294294092347276 0
-0.2772327477803235 0.164393413993056 0
-0.09822187254113202 -0.3345002076801076 0
-0.4055008064749647 -0.2993654728433147 0
-0.4171360801210384 -0.2818834704642965 0
-0.4380935751133495 -0.2832189118322539 0
-0.4287713537671127 -0.2644014680852517 0
-0.4078138587748018 -0.2630660267172915 0
-0.4194491324208761 -0.2455840243382459 0
-0.2215093996912119 -0.2147372804684329 0
-0.2121871473159848 -0.195920710644351 0
-0.2005519611515292 -0.2134121669116313 0
-0.2446399791421026 0.1482468529816397 0
-0.2330047054961989 0.1307648506024722 0
-0.2611814059755125 -0.417733165392786 0
-0.2705036273217494 -0.4365506091397862 0
-0.2914611223140602 -0.4378860505077451 0
-0.2495461323294383 -0.435215167771831 0
-0.2355277943424824 -0.32498138089499 0
-0.2564852892942059 -0.3263168250069842 0
0.3164656482467487 0.09264786470995678 0
0.3071306237799111 0.07383676909582981 0
0.3280890226881756 0.07515794856965834 0
-0.3213907779158893 0.3620372056348541 0
-0.398491637428565 -0.2442485829702851 0
-0.4101269110746395 -0.2267665805912393 0
-0.4310844060669505 -0.2281020219592003 0
-0.4217621847207137 -0.2092845782121934 0
-0.2309016896369767 -0.3975802802770009 0
0.2606371260142039 0.1437964336569908 0
0.2861722248716464 0.07251558962199764 0
-0.3006464108717689 -0.1286715060649176 0
-0.1723712704647529 0.3350884400006636 0
-0.1513936772664661 0.3364372470765972 0
-0.1607353072547928 0.3176069379610978 0
-0.1397605141965051 0.3189538990814791 0
-0.1491002704442083 0.3001247947025411 0
-0.1281256317858163 0.3014716489530905 0
-0.1374651014767314 0.2826427275519409 0
-0.1164960718303188 0.2839858467088285 0
-0.125830797558971 0.2651600810666877 0
-0.1048619120875112 0.2665031036677998 0
-0.1141958711849452 0.2476778478928646 0
-0.09323843407126586 0.2490132507948364 0
-0.1584254711931372 0.2813053732418199 0
-0.1025636187947677 0.2301938348080302 0
-0.08160562990626413 0.2315296048824274 0
-0.1351553224691041 0.2463411045204462 0
-0.08390478885696545 0.2678347887050294 0
-0.2104448488489506 -0.06845398894650789 0
-0.1866036352351589 -0.2671936133977975 0
-0.1656461402224508 -0.2658581734238618 0
-0.1772814138658283 -0.2483761712290836 0
-0.2681205629335152 -0.3088348230852769 0
0.4305856385517495 0.118068345693984 0
0.4515006937907231 0.1194110345057922 0
0.4399181248758086 0.1368807008639222 0
0.1081581796645143 0.08054588041110426 0
-0.407883870921689 -0.4270812549685091 0
-0.3772540938459046 0.4131477714045981 0
-0.3888893674918016 0.4306297737837619 0
-0.3982115888382292 0.4118123300368496 0
-0.4098468624841263 0.4292943324160135 0
-0.4191690838305536 0.4104768886691011 0
-0.4308043574764507 0.4279588910482651 0
-0.4401265788228781 0.4091414473013527 0
-0.4284913051769811 0.3916594449221887 0
-0.4005246411376989 0.4481117761629259 0
-0.3868563637824907 -0.261730585349331 0
-0.4123699512292186 -0.02645190621164495 0
-0.4216921725751124 -0.04526934995950038 0
-0.3285399712599514 -0.02111014074056916 0
-0.3075824762676276 -0.01977469937282121 0
-0.1980288724111212 0.2423340717325229 0
-0.4333274462215033 -0.02778734757944207 0
-0.4426496675675558 -0.04660479132684754 0
-0.2867650055675018 -0.346469714508432 0
-0.1657161523601996 -0.4298734022996609 0
-0.1770713774198719 0.2436695131154221 0
-0.3216018113735642 -0.130007985147831 0
0.4145742171387988 0.372171941007668 0
0.4355326160436357 0.3734931205358711 0
-0.1887066510641006 0.2611515154710796 0
-0.3099662221327553 -0.1474901438893535 0
-0.2448500156113925 -0.3437988298531506 0
-0.165436103774154 0.2261875107387832 0
-0.3332367359379585 -0.1125261557212553 0
-0.2423269268426326 0.1119474068555629 0
-0.06092867739864107 -0.4231961954601862 0
-0.09120839373718924 -0.4433490805751505 0
0.002984150344925607 0.03627056235101873 0
-0.4403317587799154 -0.08290100518441107 0
-0.1154822362746117 0.07115308204261137 0
-0.05338944403858509 -0.1535320392448878 0
-0.06180475635634938 -0.1727762189523175 0
0.008261791722493167 0.02234243206464993 0
0.4100038265478825 0.4446738736448073 0
0.3890401696875303 0.4434361031664421 0
0.4309632770438223 0.4459783713630431 0
-0.4521119132061477 -0.3934526915783774 0
-0.1914354535885935 -0.1944912290324283 0
-0.2028650134513664 -0.1771127207855784 0
0.4446343889890234 0.3924199674432781 0
-0.3543336072909939 -0.4418923746115924 0
-0.3752911022833044 -0.4432278159795739 0
-0.3334180186894899 -0.4398992832737096 0
-0.06157647596253098 -0.04223419978199533 0
-0.04964478298296685 -0.04050579658288433 0
-0.04449389974183839 -0.02948948433112347 0
-0.0390800388643231 -0.03839863787788368 0
-0.03530289792866779 -0.02976658953455351 0
-0.04262816859678317 -0.04838077668991149 0
-0.03015914484685258 -0.03682310809545675 0
-0.02731502166222509 -0.02932835393938019 0
-0.03110044155108822 -0.02318833440269331 0
-0.02465573246938643 -0.02275766354757881 0
-0.02808422380590964 -0.01760872487679496 0
-0.02233329933790337 -0.01721537189177821 0
-0.02539867664707845 -0.01257858875754433 0
-0.0200860443780906 -0.01224732907164068 0
-0.02299547411132674 -0.007796306724530772 0
-0.02825806234639346 -0.008051150251567496 0
-0.02585881835695367 -0.003366701949797352 0
-0.01877990533281301 -0.02191027686609207 0
-0.02061525563966254 -0.003090601397514353 0
-0.02346987525841246 0.00131448567688857 0
-0.03115581725445769 -0.003612209326960547 0
-0.03365427177149545 -0.008309923346134535 0
-0.02155574276223143 -0.03478473207989431 0
-0.02485297577296627 -0.04311798469973986 0
-0.03726224163006613 -0.004345262544704492 0
-0.01822694940430374 0.001584596885541495 0
-0.02108168852372656 0.005990631688620351 0
-0.02633393688425002 0.005715369382264406 0
-0.02392940057093583 0.01041291551838362 0
-0.01537241788878978 -0.002816364931793283 0
-0.02922646517320768 0.01015319841420044 0
-0.4494488001693057 0.3903240035544404 0
-0.4378135265234085 0.3728420011752764 0
-0.416856031531084 0.374177442543025 0
-0.4261782528775114 0.3553599987961125 0
-0.4448927077189196 0.153709883051072 0
-0.4467979644713264 0.3542493716223823 0
-0.4354441769908537 0.3365800240815364 0
-0.4145335963594335 0.3378842412556713 0
-0.4238542538938307 0.3190678383152125 0
-0.4427196797130246 -0.2106200195801541 0
-0.4333974583667877 -0.1918025758331475 0
0.005438486487703495 0.02665081643092336 0
0.2977831521596984 0.05522312765874563 0
0.276822678725871 0.05393485721442191 0
-0.4445246306433974 0.3175904602461934 0
-0.4331359199892727 0.3002218813546374 0
-0.4122195188289103 0.301576226636987 0
-0.421541829938834 0.2827571813402311 0
-0.4005937540757206 0.2840962768068898 0
-0.4099150050409648 0.2652784047800378 0
-0.4308723383030921 0.2639428920322997 0
-0.4192384458268337 0.2464614153929657 0
-0.3982811810294492 0.2477969443840191 0
-0.4076036439816071 0.2289795909676313 0
-0.4285611792415532 0.2276441646549705 0
-0.4490843175064539 -0.2660562122812447 0
0.01592493618880671 0.03881918346117458 0
0.01867549292544184 0.04610743095197937 0
0.4423861332868475 0.4286822290405133 0
-0.1342631960171572 0.03671432571431582 0
-0.1428878273542657 0.0178004027440842 0
-0.05333193097651331 0.4513161450816138 0
-0.07429594920414792 0.4500841071291467 0
-0.05160645605240344 -0.4043787517131802 0
-0.06324172969847698 -0.3868967493341336 0
-0.03170600499334668 0.005413001284280142 0
0.06038836761052913 0.1493956321998356 0
0.07201157020851184 0.1319058013370221 0
-0.08932452172339102 -0.3164864934589831 0
-0.07728564136728176 -0.3332657442443842 0
-0.4172198785133421 -0.4456823468964106 0
-0.4381951286918891 -0.4467391506277389 0
0.4464967837696581 0.1916706719330261 0
-0.4561717961814269 0.1710154301600871 0
-0.1945208048421952 -0.1152926771358567 0
-0.2039569657530752 -0.1347469967720586 0
-0.0541366396776425 -0.2453778100250639 0
-0.03433488329617791 -0.01744943670199331 0
0.4506773959166921 0.4479931568605189 0
-0.1536778064953718 0.3727499002377317 0
0.04876466270618607 0.1668848067602984 0
0.05809977850144166 0.1856965907897989 0
-0.09092826283284089 0.2127118872133076 0
-0.06997075412117806 0.2140473377117961 0
-0.06064853048819413 0.2328647829804985 0
-0.111885826421857 0.211376400191858 0
0.4375597447582187 0.1731240674490833 0
0.4166676764902408 0.1718469697199052 0
0.3840991693156026 0.1880245223405508 0
0.2817771493781978 0.3091327563388043 0
0.2701537748767531 0.3266226725429189 0
0.4307742917631381 0.2820800014005892 0
-0.03717553836164412 0.3619170860396468 0
-0.3027463352230342 0.3996720931286791 0
-0.2934241138766068 0.4184895368755919 0
-0.3050593875225039 0.4359715392547555 0
-0.2841018925301795 0.4373069806225043 0
-0.4216221604271263 0.1187458782927434 0
-0.4425796554194507 0.1174104369249955 0
-0.1862650760461191 0.3888990202049266 0
-0.3913424440883742 0.1388987634074042 0
-0.4286313294740854 0.06362898841975471 0
-0.4495888244664101 0.06229354705200699 0
-0.3192177499135248 -0.002292696993657306 0
-0.2982602549212003 -0.000957255625908926 0
-0.1563939310139618 -0.4110559585526885 0
-0.1424623018096624 -0.3008798885372399 0
-0.1331545319448422 -0.2820720630786987 0
-0.389239428229216 -0.3894463674744398 0
-0.2678405142853433 0.3472260859911861 0
-0.2887980092776679 0.345890644623438 0
-0.314521633166035 0.08912363900540787 0
0.346940696143791 0.2767952832877753 0
0.3376056717257564 0.2579841876494374 0
0.3492290462125583 0.2404942715393025 0
-0.2842419168272828 0.1092765241200677 0
0.4168625672075663 0.3358709292591965 0
0.4378209661124031 0.3371921087874005 0
-0.398420939246387 -0.08023289812262213 0
-0.1315156474656506 0.001768495566029302 0
-0.1514641225969314 -0.00128889240471132 0
-0.1398028966090228 -0.01785319072163033 0
-0.1598958681051047 -0.02056488529931033 0
-0.06789464795571185 -0.3150702772439916 0
-0.05642005010387827 -0.3320448777241448 0
-0.06560196119409634 -0.3506665468211499 0
-0.04480348800232544 -0.3494287798196628 0
-0.1486251623703965 -0.03697677923468509 0
-0.1679172621393068 -0.03944214005637948 0
-0.446808232246803 0.02576248016582892 0
-0.4567513568306837 0.007147889038451725 0
-0.04365827630371535 -0.1350913084521621 0
-0.05737635961129903 -0.1177018600850411 0
-0.1371920899842543 0.446452825410434 0
-0.1162347992367681 0.4477915767389141 0
-0.01143043900424427 0.4542013067711841 0
0.02954905386050363 0.01439844711590767 0
-0.06628534288345063 0.09265887328695899 0
-0.4490853248772744 -0.1018384706441627 0
0.08659664243508869 0.03771509861245924 0
-0.2798572314171549 -0.4548755536844152 0
0.01846589466284407 0.01306885712030909 0
0.01324181479038182 0.01336154480168066 0
-0.04724472355916701 -0.3134252155077067 0
0.06425682292210655 0.02791509090133914 0
-0.1042744269835079 0.08875572335024158 0
-0.180123065578267 -0.02320591021886775 0
-0.1750586149604093 -0.4482344071475175 0
-0.154075768378448 -0.4472736850224488 0
-0.1960135340611164 -0.4497430381955005 0
-0.1630037364461863 0.01609060830361415 0
-0.09882300571565977 -0.006528480047770249 0
-0.0913967667862825 -0.2827808901458569 0
-0.452548504534367 0.2979784116523153 0
-0.01583867681136159 0.006260058976987691 0
-0.02385363734499146 0.06570522459825487 0
-0.0286638082158192 0.05568067246313303 0
0.1527890617933431 0.04788986964643335 0
0.4530214994928982 0.08277307956980698 0
0.4443680722301069 0.06422193882471548 0
0.1721167534816064 0.04786283277539146 0
0.181413863904299 0.0660514921983234 0
0.1929705021932968 0.04937399014007283 0
-0.04981221455907928 -0.279753611401565 0
0.4545830999459773 0.2097237709534543 0
-0.01721523284487121 -0.04176595681235457 0
-0.01443441164450028 -0.03520853956664165 0
-0.01971342363917256 -0.04953999287958999 0
-0.02796366241820866 -0.05170976120795136 0
-0.02248668849057452 -0.05808345860333017 0
-0.03236908620476277 -0.06109476878416559 0
-0.1975232406304793 -0.08279482021652013 0
-0.1915799105695335 -0.0633242500759679 0
0.02537492591149342 0.04624257959209989 0
0.02204647339235305 0.05370501722763936 0
-0.4513708022463404 -0.2290908120253486 0
-0.2973884582476224 0.4536634210083815 0
-0.3585881704872494 0.4504455561571063 0
-0.3376255636694606 0.4517007760646264 0
-0.01842615594338835 0.07438710538802486 0
-0.03315239864404598 0.09131039880866909 0
-0.03897269193713535 0.1074004937553168 0
-0.03260690374570972 -0.151574933677948 0
-0.0254192782455311 -0.06819280554040402 0
-0.03725128013019141 -0.07193138852688408 0
-0.02551493743794097 -0.08180877864549907 0
-0.0425850051965066 -0.08526921285165162 0
-0.05171627323718565 -0.07386857401186861 0
-0.05869437757110509 -0.08784352043374019 0
-0.06426372090038308 0.4674463868809753 0
-0.4507965227888522 0.4261452222937603 0
-0.442265098058093 0.445147057037439 0
0.4508190820007254 0.28385456011421 0
-0.3636558286372301 -0.4607098183586419 0
-0.2759700368343455 0.4595393688900883 0
-0.1566948741121529 -0.2472876222125044 0
-0.1683864508668676 -0.2298430928016647 0
0.4576494642106211 0.1747158457566761 0
-0.1902700560306941 -0.1489013022609945 0
0.07201445938540718 0.06522641713257551 0
0.4605970419348542 0.3021606138827405 0
-0.006387277183979412 0.07681179714499167 0
-0.3846133236295408 -0.4620452597266029 0
0.4553160685942328 0.3744885107503193 0
-0.03094800229530605 -0.09843428433207296 0
-0.4533127666046499 -0.1924443822378238 0
-0.4448590342204537 -0.1742049676268872 0
-0.05119407477525042 -0.02232705813416326 0
-0.4542849412138989 -0.02912278894705776 0
-0.04764701176585458 0.0001405170246121176 0
-0.4268095181433834 -0.4651931447890485 0
-0.4636071625603272 -0.04794023269396956 0
0.4633545214219051 0.140429740459983 0
0.4690665539821728 0.1217376934396704 0
-0.4650252985788926 0.4417518887960359 0
0.009532688200802691 0.4554474793866855 0
0.02112847897062993 0.4383951348019673 0
0.0304950112453159 0.4567064087194265 0
0.04208845135609046 0.4396913535801071 0
-0.03970357130037232 -0.00958991865269182 0
0.09578973024130807 0.0505334425835433 0
0.1032345485741389 0.03232545430351591 0
0.007541203415013631 0.03172109192526641 0
-0.3008503733477413 -0.4546708692146305 0
-0.2110873979275256 0.4607713317937455 0
-0.1805763802074777 -0.1763494322687757 0
-0.01160329472806031 -0.04754490920606561 0
0.02372322028356783 0.01269493148173594 0
-0.1856152408542635 -0.04377018315058154 0
-0.4567380178058229 -0.3208537993262743 0
-0.1320375839389426 -0.03497481048550458 0
-0.03812772450670508 0.01706344333964404 0
-0.02061070558434458 -0.02750055178200697 0
-0.01482766069804659 -0.02587413300884386 0
-0.01342872298724228 -0.02073648541018389 0
-0.009580834935461538 -0.02464636448650734 0
-0.00841973145633991 -0.01962491520739187 0
-0.01191631258267182 -0.01574889267513432 0
-0.4649292866206794 -0.1745477489213809 0
-0.4571902413559844 -0.1561010324237116 0
-0.4687218143539093 -0.1377555526336266 0
-0.4668971841924042 -0.01098444374276833 0
-0.4639311822049613 -0.4140107812991663 0
-0.4746022914361985 -0.3950235322419275 0
-0.4636634028293557 0.0816503957219096 0
-0.4685914395028802 0.06189682713673614 0
-0.2110749664050689 -0.1579465162878605 0
-0.4652623316067805 -0.3395579163599782 0
-0.4533666871803709 -0.35651852170169 0
-0.4687277937255822 -0.302529131194909 0
-0.1556868319212809 -0.05682791742032284 0
-0.2328646811991028 0.4587953071049115 0
-0.04168884906883606 -0.3857559897610123 0
-0.03515402706407102 0.009992663780065705 0
-0.4545938522458359 0.4628043759930482 0
0.0514163855502737 0.4586149242736333 0
0.06304094174105118 0.4411062623209672 0
0.07237478445511039 0.4599361038018366 0
0.08400001904375778 0.4424166801526719 0
0.02832891064193409 0.02001871345847868 0
-0.02704502158195474 0.01495084563791799 0
-0.02175178265310548 0.0149974535029699 0
-0.02468213832236472 0.01969461602885421 0
-0.01946253809032115 0.01914257602710905 0
0.3980629528625029 0.4625356131434911 0
0.3771418362342989 0.4618485384609777 0
0.368035243227554 0.4422797980422833 0
0.35624392360853 0.4606306004237049 0
0.3470791707767057 0.4410033044965749 0
0.335386217404809 0.4592860651638616 0
0.3271776542362593 0.4391697216731204 0
0.3118925756323846 0.4558487364845094 0
-0.21627793140229 -0.1176514340523424 0
-0.4630735802846005 -0.08357769230096512 0
-0.04466637877324317 -0.06014337827248868 0
-0.4658502027112442 0.1523744416833235 0
0.3446731417919712 0.4793237398606168 0
-0.1248151621920309 0.08989509418300587 0
-0.136464719810325 0.07119379507346842 0
-0.4761928225850825 0.1689695511318477 0
0.05082128876405481 0.1312538755416613 0
0.06001191121455138 0.1106062101022624 0
0.3008343583060307 0.4796312899778715 0
0.2868888909659343 0.4582168968131017 0
0.2662379930180737 0.4657741947789253 0
0.269461719642154 0.4483851372524438 0
0.2497034783322474 0.4516525659899924 0
0.2976771954926656 0.4419040064163782 0
0.002973066998951154 0.02211917432744417 0
0.03333693987665702 0.008831943480235811 0
-0.001666010794036152 0.03161377545246886 0
-0.04407473048996526 -0.02116038625721284 0
-0.03563781397741053 0.0652708038921522 0
-0.03880121916090641 0.05599779563308081 0
-0.08055931702170047 -0.08333671102252882 0
-0.4590510701056605 -0.2845543532002205 0
-0.03997118240633014 -0.421860754092227 0
-0.04991879276338521 -0.4403759364270123 0
-0.05994943822134083 -0.06254168380085018 0
0.08146092351801584 0.01335573366017582 0
0.05805830366542016 0.007833150585860024 0
-0.008415488235831992 -0.06849283172710152 0
-0.01344370839733358 -0.09515467170343822 0
0.1158685957926218 0.01631953399757526 0
0.1246749107909159 0.03197426687824142 0
0.01247447272208781 0.05310399856852099 0
-0.00453335955758246 -0.03388147922290169 0
-0.08635829478378333 0.02603270174976638 0
-0.02086854773915856 0.1065373748285943 0
0.4396851091418531 0.4647467201639048 0
-0.4761183321217239 0.4609025646325842 0
-0.44763666265399 -0.1375840825271135 0
-0.1575865726553664 0.03822395060646346 0
-0.176246874778441 0.03231186052092795 0
-0.1123719460475145 -0.2824286804634761 0
-0.1238988964138007 -0.2656207454836817 0
0.4659329823287168 0.06339377702338007 0
0.452680488188171 0.04592902123426408 0
0.4332383716036867 0.04663261185643859 0
-0.004406919169277927 -0.02298014478772828 0
-0.01057323717953283 -0.03054602465814553 0
-0.1581854541125548 0.4453502740373596 0
-0.1475947460651138 0.4639354341901761 0
-0.1697909779849003 0.4628930451017312 0
-0.1899942943921016 0.4620283407183564 0
-0.01948214022449451 -0.1350566668412505 0
-0.1304180607090741 0.3377804828051109 0
0.005230015830827064 0.009015131623506423 0
0.008080086796010438 0.01348440961687149 0
-0.1071562545855361 0.3028106699836409 0
-0.03560312040867052 -0.1168472446082489 0
0.006833623231575853 0.1642532710651832 0
-0.04900883061842695 0.215382249635992 0
-0.05833388454968336 0.1965655195879933 0
-0.03969113381779416 0.234200158911275 0
-0.05132178515918598 0.2516754668069077 0
-0.09146733507289354 0.008889145385260394 0
-0.1675349083267159 0.4265783230328343 0
-0.1768906477935727 0.40774235133204 0
-0.1450600995393909 -0.09071722770947843 0
-0.01033782988329755 0.009263693089985314 0
-0.1732716151796543 -0.002654701644240504 0
-0.03736873995569936 0.1978982264312456 0
0.02780522179129263 0.1655594445124703 0
-0.09923576212776936 -0.1220639559406252 0
-0.0186932504158399 0.01066642035976403 0
-0.04669544230006747 0.1790861407152521 0
-0.05176084096999868 0.1247867982511353 0
-0.1497786862646545 -0.1459409361676524 0
-0.01871816533327596 0.2355296262406195 0
0.02551762838871759 0.2018639211565796 0
-0.1707069196646087 -0.1468364138311889 0
0.03485242088587159 0.220676549241005 0
-0.004874478983864582 0.02702042017449623 0
-0.1035408826541951 -0.17744014613717 0
-0.09546561042963542 0.1221079012606426 0
-0.0840052058331705 0.1039127710037349 0
-0.08267380497661597 -0.1751087323550842 0
-0.07021676488766358 -0.1920156289259686 0
-0.04993761261843577 -0.1897413651421734 0
-0.05785919857881903 -0.2089326729652228 0
-0.03585981813106535 -0.2083473839588728 0
-0.04657809912400625 -0.2274715907946029 0
-0.06765740961700023 0.1777592414047993 0
-0.1002505877767894 0.1938949536898612 0
-0.09108026316480684 -0.1943437656159675 0
0.3724757950380697 0.2055144386602603 0
0.3515173961664816 0.2041932592556046 0
0.4492627161885792 0.1556870489214562 0
0.328270647295645 0.2391730919320417 0
0.3166472728705296 0.2566630080824405 0
0.4282872455409086 0.1543563753052657 0
0.4073433384200278 0.1530431335667091 0
0.2608187504761599 0.3078115767425237 0
0.2491953759727951 0.3253014930002735 0
0.2585304003880688 0.3441125886632157 0
0.2398603515546629 0.3064903973524455 0
0.2282369770643735 0.3239803135020624 0
0.2189019526498732 0.3051692178614547 0
0.207278578159201 0.3226591339771589 0
0.1979435537487592 0.3038480383046686 0
0.1863201792556296 0.3213379544432626 0
0.1956552036726091 0.3401490500863448 0
0.1769851548415777 0.302526858768641 0
0.1653617803506131 0.3200167749128056 0
0.1560267559395496 0.3012056792155476 0
0.1444033814462146 0.3186955953800774 0
-0.04278387949030584 -0.1701039693971258 0
0.3398940217370854 0.2216831755835893 0
0.1350683570292698 0.2998844996605448 0
0.1234449825405438 0.3173744158466524 0
0.1327800069582568 0.3361855114976533 0
0.1141099581163873 0.2985633201855474 0
0.1024865836342272 0.3160532363264456 0
0.09315155922123042 0.2972421406580875 0
0.08152818473075729 0.3147320567996985 0
0.3934341938865351 0.2068356183322133 0
0.3073122484277854 0.2378519122731154 0
0.07219315877010993 0.2959209618190086 0
0.06056978556843463 0.3134108773865912 0
0.05123475956291704 0.2945997824506317 0
0.03961138657026786 0.3120896979041958 0
0.2305253271431388 0.2876793015713186 0
0.1676501304223816 0.283715763061242 0
0.104774933335905 0.2797522246193836 0
-0.1415618408544766 -0.2150643674619111 0
0.0418997269107643 0.275788690520378 0
-0.1095728959392916 0.175078548717964 0
0.02094091109439278 0.2744676750762923 0
-0.3145919261551259 -0.07489145009538115 0
-0.2936364920057734 -0.07355498754887679 0
-0.1373392839147246 0.1194919210179301 0
-0.2843124930112635 -0.05473840496116641 0
-0.1212080835737424 0.1925593499848939 0
-0.1328433365280317 0.2100410183276958 0
-0.4515014803591431 -0.06480143029142602 0
-0.286625520982392 -0.01843892618678367 0
-0.2773033895872531 0.0003785728631793828 0
-0.4309344079411737 -0.06398227163184789 0
-0.2586636532640892 0.03801664497376783 0
-0.2213694318533819 0.1132828482674876 0
-0.2306916532001421 0.0944654045277714 0
-0.1514877851500103 0.1724061654939584 0
-0.06644140818934186 -0.2284661069881406 0
-0.3239147840605986 -0.09370857845636993 0
-0.344871494758159 -0.09504440841307077 0
-0.2004119369134438 0.1146182903726908 0
-0.05357486856784192 0.2879867216193151 0
-0.07452851865445313 0.2866675666041609 0
0.03027622692747658 0.2932786227309885 0
-0.19108971625895 0.1334357438482256 0
0.0977282553871 0.2246401189096143 0
0.01865290234808449 0.3107685131309337 0
0.04894641123723771 0.3309007934330969 0
0.09086320914815327 0.3335431524432778 0
0.08839323238396701 0.2058290226360938 0
0.1186866571015484 0.2259612969817186 0
0.1303100324239243 0.2084713804152432 0
0.1512684314790136 0.2097925598180446 0
-0.08366268693272857 0.4317761296345633 0
-0.09522760470033631 0.4483386933356617 0
-0.223682484197049 0.1495822950148507 0
0.4422453981386286 0.2646656484872689 0
0.4637935181964838 0.2668075971658957 0
0.4530770811360487 0.2475298631602392 0
-0.08615526930739206 0.304156605279107 0
-0.1187462948507712 0.3203220373993577 0
-0.09550799338926697 0.2853351233092936 0
-0.212047210693359 0.1321002946359437 0
-0.2633427918129536 0.4392115794103642 0
-0.1561838945732929 0.08098972620067518 0
-0.05386250744470224 -0.3681511128183682 0
-0.03286801355051716 -0.366889707284662 0
-0.02174261421287542 -0.3466240825000105 0
-0.03051341082534021 -0.404208003952736 0
0.4214138893264474 0.263281499627631 0
-0.2143602629426924 0.1683997400583433 0
-0.340369843459322 -0.458264424351127 0
-0.3270226618432445 -0.4704758772600641 0
-0.3647447677808051 -0.4816781914227114 0
-0.461879675585642 0.04257215107196569 0
-0.4467902106377669 0.1898034646953077 0
-0.2817888402307096 0.4010075344964282 0
0.3214055971014177 0.3480761272565169 0
0.2375720014829746 0.3427914091361549 0
-0.2911110615771372 0.3821900907495147 0
-0.1680292046601108 -0.3935739561685255 0
-0.4240462873885605 -0.1729658644442361 0
0.05370611426894713 0.4222920423743822 0
-0.4358163486240881 -0.1552700935544009 0
0.1419334070174987 0.1909814642015041 0
0.1628918059511219 0.1923026436630947 0
0.1722268304221817 0.2111137392751746 0
0.1838502048694292 0.1936238231321036 0
0.1745151804035644 0.1748127275175181 0
0.1954735793136652 0.176133906990471 0
0.2048086037808042 0.194945002604444 0
0.2164319782227536 0.1774550864639088 0
0.225767002689725 0.19626618207796 0
0.2373903771312622 0.178776265937621 0
0.2280553526644441 0.1599651703234889 0
0.1861385548472934 0.1573228113761226 0
0.2490137515727497 0.1612863497972949 0
-0.1442690293716051 0.3916043148830731 0
-0.4401961210450687 0.2451260410825242 0
-0.4489172367694226 0.2267090525035205 0
-0.4516244961503628 0.26250553883171 0
0.2166136025774766 0.341470229613532 0
0.204990228090508 0.3589601457251477 0
-0.2679868688914988 0.01919986103675052 0
-0.4383703991292907 0.04462228250730409 0
-0.4008046897295681 -0.207949136783772 0
-0.2889391935693445 0.01786095789922618 0
0.4440947713766545 0.2281075270457001 0
-0.2679105264340036 0.1832108577415014 0
-0.2795458000800304 0.2006928601224918 0
-0.4587710215157333 0.3715065598075282 0
-0.4697836167434537 0.3881425978163798 0
-0.4029025826424464 0.3203978618427871 0
0.3494106703555226 0.4045094141715311 0
0.3608524206377465 0.2230043551198769 0
0.1746968047679885 0.3388278705566585 0
0.153738405863292 0.3375066910262399 0
0.1421150313760776 0.3549966071394093 0
-0.4474748801718672 -0.3018959112871979 0
-0.08654845812781013 -0.351977603327961 0
0.2469070259004499 0.3616025047793354 0
0.4331731978784186 0.4098262576821611 0
0.4527296803065792 0.4119812902635696 0
-0.04651057602303271 0.3431059871066499 0
-0.1326544164380204 0.3741117835252655 0
-0.1420180829465632 0.3552834056699402 0
-0.3775341424484924 -0.2429131409675929 0
-0.3867856678063221 -0.09771490196912891 0
-0.4052907700337389 0.1926802119126444 0
-0.07204459799868682 0.4143700665481418 0
-0.06042210212674964 0.3968941274825624 0
-0.03946385425519926 0.3982176334712511 0
-0.04879886971624356 0.3794064631653248 0
-0.4122999390806986 0.1375633220396561 0
0.2023387177378424 0.06741354072217565 0
0.2139565013334829 0.04993043609022266 0
0.2059805780281985 0.03248952294105169 0
0.2268774955423778 0.03351822908528907 0
0.2350538835728298 0.05154785849679535 0
-0.07488139658212264 -0.3694457318877906 0
-0.3961785851287274 -0.2805480290963325 0
-0.3752210901366765 -0.2792125877145797 0
-0.2529513095680955 0.4586217815846834 0
-0.2609840487238675 0.4784909492022362 0
-0.4076738344817606 0.0649644297875026 0
-0.2634944582753502 -0.3814337192666975 0
0.01178885723469623 0.4196569677434263 0
-0.2959473865784061 -0.03725659658744049 0
-0.2541722369338662 -0.3626162751997623 0
-0.3799172068830013 -0.370628923726258 0
-0.2774427842287777 -0.327652270256516 0
-0.1700604439981376 0.2987875720067963 0
-0.4603311068094035 0.24408791893808 0
-0.4710290545503598 0.26132230386234 0
-0.3028163473715926 0.2356568648775618 0
-0.1561137049321071 0.245005072579443 0
-0.1889878972321501 -0.2309415633637287 0
-0.3795263020395174 0.4488062383273705 0
-0.3923164775761808 0.465955479611915 0
-0.4131994879075707 0.4650262952266527 0
0.3421823716744218 0.1853821633656787 0
0.3583824460624968 0.0952902236580008 0
0.349047421596307 0.07647912804355371 0
0.3606707960378431 0.05898921190320921 0
0.3397123971295776 0.05766803242937964 0
0.3513357715710326 0.040178116289076 0
0.3736562592854574 0.04146443398414192 0
0.3891087239690353 0.02778091280543888 0
0.3303773726627686 0.0388569368152446 0
0.3187519236957724 0.05637976198504547 0
0.3094189737545037 0.0375357573414148 0
-0.4497988609063122 -0.4297521377044318 0
-0.4588673024697149 -0.4483328154363011 0
-0.1807460763453322 -0.2125642774870047 0
0.335135697179845 0.1302700559387727 0
-0.3121385687180149 0.2168394211305699 0
-0.3005032950721568 0.1993574187519478 0
-0.3098255164185516 0.1805399750045662 0
-0.08138042703515636 0.3955725117931954 0
-0.2402239109832038 -0.4163977240246742 0
-0.22858863733713 -0.4338797264036864 0
-0.2379349609755324 -0.4523189254150565 0
-0.2215794682907518 -0.3787628365291907 0
0.272442124985707 0.2903216604188019 0
-0.2726894577602806 -0.07221432877982983 0
-0.2911810737257366 0.2181748624989708 0
-0.2818588523794043 0.2369923062472306 0
-0.3074424519705241 0.3082557571296216 0
0.06743482862767664 0.2045078205026701 0
-0.3424882972053178 0.03267130776467086 0
-0.386716339489436 0.06629987115525077 0
0.1910785035348629 0.4127510735842439 0
0.1794551290480604 0.4302409896943789 0
0.1584967301432237 0.4289198101661754 0
0.1678559296502983 0.4473474067047712 0
0.1469015599269687 0.4459623106599444 0
0.1888335522890643 0.4483636324583105 0
0.1772962487536531 0.4668419214616325 0
0.2004207610900588 0.4314474270768479 0
0.211862781698227 0.4506409158006646 0
0.2217899756623805 0.4320835443253442 0
-0.2098860418212677 -0.232235757264414 0
0.3423639960062548 0.3493973067847205 0
0.3097822226146162 0.3655660433666523 0
-0.2145702993552224 -0.3236459391508818 0
-0.223892520631479 -0.3424633876426147 0
0.4486350188588327 0.3192078596055252 0
0.4616593439754788 0.3365002529610888 0
0.19071671781922 0.0847348648548964 0
0.2232970281468537 0.06855205120050689 0
0.244277673885876 0.06995418458043312 0
-0.2072713298462731 0.3875371433232856 0
-0.1979265698275204 0.4063664764330158 0
-0.3518805306979914 -0.1501613642035877 0
-0.389169416085728 -0.2254311390469525 0
-0.3682119211310458 -0.2240956957274205 0
-0.4147699239172276 -0.1541108443640985 0
-0.3004332829235648 0.3633726470026021 0
-0.225995536496153 0.1858817411361068 0
-0.3449413738722888 -0.2590596987440708 0
-0.3518105185517456 0.0138538640177585 0
-0.3751509640181185 -0.115197283617198 0
0.3374240471546861 0.09396904418394522 0
0.1072449079151707 0.4074663554713466 0
0.1165799323334873 0.4262774511097538 0
0.2815955249224856 0.1451176131309427 0
0.08319081598295924 0.1140011472969557 0
0.07429988581441332 0.09560480663810768 0
-0.1747583251509883 0.2073700674216788 0
0.02341146535593837 0.4021792063608787 0
-0.3053394381583024 -0.2200892680262326 0
-0.2960172151204966 -0.2012719117207636 0
-0.3076524884846428 -0.1837899239153074 0
-0.3842632628928628 0.3580308815316098 0
-0.2589105701971848 -0.4533700945717336 0
0.1535567814888981 0.1734915480467693 0
0.1442217570298886 0.1546804524288801 0
-0.3355493621976892 -0.07622692067453896 0
-0.04209938102720718 -0.2617260453120779 0
0.2558747733852419 0.05295338907962242 0
-0.2563637308981397 0.001725462231116734 0
-0.3307129992623168 0.3432197618879421 0
-0.3845433114829566 -0.2980300314592821 0
-0.2704336208770786 -0.2725350355193217 0
-0.2958071783246362 0.2907737547505834 0
-0.1121734286352745 -0.4445661958665724 0
-0.1005306150834266 -0.4621665243221598 0
-0.07998535373572446 -0.4610705276066136 0
0.1697844142925239 0.08344001513807031 0
-0.07929273591343208 0.1952324420104298 0
-0.2119771983553339 0.2961155202215158 0
-0.1235204306963537 0.2288588596355715 0
-0.2773994136060445 -0.1636047190850648 0
-0.3193577742100125 -0.3303231532785385 0
0.03732303680570717 0.3483907095000804 0
0.2678654248051933 0.362923684308346 0
0.2676838005074781 0.1989085410296561 0
-0.279729343143639 -0.1273106813962696 0
-0.4030477298828171 -0.007634462464663733 0
-0.2075611305990235 -0.2685290289856243 0
-0.3007133315743067 -0.2926882627738733 0
0.2396787271059224 0.1424752541831678 0
-0.4216126646890421 0.446418649685409 0
-0.1538008304008632 0.2087055203688508 0
-0.4422452434409875 0.2812834025154302 0
0.1118216080530598 0.3348643319685692 0
-0.2190552326193698 0.07701441342062734 0
-0.2400108875093834 0.07565826317327239 0
-0.3147316696062215 -0.4029220457489632 0
0.279488799292582 0.3454337681951558 0
0.2745488504302191 0.09000550576228866 0
-0.3962646812286006 -0.4443108468919289 0
-0.2724996845967986 0.4199198378133582 0
-0.223234581181326 -0.1779005544273175 0
0.0653283398710941 0.4048203513875132 0
0.07923983466046325 0.3510330685556817 0
-0.270223578734114 0.2195103038766116 0
-0.2308336788389019 -0.2335608546031286 0
-0.2748496833323264 0.2921091961185399 0
-0.1933320906282406 0.3337508395348776 0
0.09562184344546365 0.4249513536583398 0
-0.05813390304986875 0.3605958347816918 0
0.01636463409967803 0.3470695290330106 0
-0.2223554355550612 -0.05113499979968247 0
-0.3890992895974617 -0.061415834871312 0
0.409811663188525 0.2807609208499486 0
-0.08419995689705037 -0.3882373548575322 0
-0.3470443896557043 0.2692854282680567 0
-0.3680018846480277 0.2679499869002962 0
-0.246883019293019 0.3485615273589352 0
-0.2864849569782049 0.3095911984974467 0
-0.1982527542107291 -0.2497205003365094 0
-0.3120685565694618 0.3808546493817665 0
-0.2353177578347921 0.1670642972793615 0
-0.354263595152131 -0.2778771459394792 0
-0.4075338101846567 0.3929948862899372 0
-0.2632844218349581 0.1106119654878155 0
-0.2033493425664718 -0.01283975436929745 0
-0.3703849490960497 0.140234204775152 0
-0.3797071704424774 0.1214167610282399 0
0.418963251596406 0.1355543046995131 0
-0.1587069833140611 -0.3747565124087847 0
0.03274884639315279 0.4209529202901057 0
0.09289592475982023 0.1331578691978859 0
0.4231986736138323 0.06318293645617273 0
0.4136213340442718 0.04611322290179405 0
-0.07228000221856788 0.250344822306228 0
-0.2843819894374034 -0.2187516774793512 0
-0.3077225005605916 -0.3478051558350813 0
0.2444370516242297 0.2338883733222031 0
0.2234786527143267 0.2325671938441221 0
0.3305589972481056 0.2028720796586889 0
0.2326357604188168 0.08737663913230957 0
0.1491617057251772 0.4101087145278343 0
0.2329693865544311 0.4151725995948327 0
-0.3354791281583595 0.08778819763765963 0
-0.3005735005530984 0.03534231879653756 0
-0.230621641048513 0.2584806327322505 0
-0.3030963959601374 -0.4204040481285483 0
-0.3985616495754525 -0.4082638112214844 0
0.09538751105611631 0.09719271131373408 0
0.08712151196664775 0.07799459707882919 0
-0.391482468385434 -0.1891316929276975 0
-0.4124351384366284 -0.1904639231491689 0
-0.2984002792175418 -0.3289877119013089 0
-0.2377089735936774 0.03937858677276249 0
-0.2189863674063709 0.2409986304059909 0
-0.2981902427726494 0.1630579726253236 0
0.1164509747699166 0.09847658819264281 0
-0.3843332750414147 0.1940156532803924 0
-0.2608368561904711 0.4023587857925116 0
-0.2750608305591319 -0.1999270843288563 0
-0.2029350256297597 -0.3411279469026688 0
-0.4519018767658787 0.09859299317808334 0
-0.4632941676552292 0.116616695343054 0
-0.1793838917331704 0.279969316163671 0
-0.1910193196369252 0.297451215923121 0
-0.4006646654348018 0.1200813196604918 0
-0.2518591846292782 -0.3989157216456061 0
-0.2587983436247925 -0.290017249825605 0
-0.3938655328289523 -0.3168474752190738 0
0.2652144421368015 0.07134130875787011 0
0.2685290385515919 0.03574406133554232 0
-0.2420748238208246 0.4402663755692715 0
0.2909305493898255 0.1639287087482799 0
0.4096320900155289 0.1167441813955819 0
-0.02784049993723548 0.3807280147372216 0
0.2740091052416252 0.4175001582230963 0
-0.2913911133129862 -0.2738706459867553 0
-0.440406627413187 -0.2469194657062073 0
-0.4629384735356561 -0.2485353792409162 0
0.325800672713268 0.1114589603243355 0
-0.2562752527947342 0.1657288554556458 0
-0.3261569068119317 0.1066056413845718 0
-0.2076340865718873 -0.4324970768320893 0
-0.3729080378374235 -0.3155120338096271 0
-0.4240052248751286 -0.008969903832436149 0
0.3936158182339622 0.370850761479465 0
-0.1074881891565462 -0.3532839066493693 0
-0.3656188202000077 0.3956657690254343 0
-0.4549118964652192 0.135190636543116 0
-0.3494974662522757 -0.02244558210831732 0
-0.365688832348559 0.2316505407742176 0
-0.4170655305463178 0.04611544234633399 0
-0.43329109079274 -0.3557120167924973 0
-0.2867015418737545 -0.1824390521515393 0
-0.1633475393999412 -0.3021672381179921 0
-0.2981202306240968 0.3270732008765416 0
-0.3097555042699927 0.3445552032556928 0
-0.2562052406394474 0.329744083612035 0
0.370187445098908 0.2418154509585618 0
0.300447198196816 0.3467549477274408 0
0.1049585826843535 0.443735246410918 0
-0.3589597118907866 -0.3692934823531969 0
-0.2096641460568848 0.2598160741098094 0
-0.3307830114108706 0.1792045336367402 0
0.3562757205618253 0.2956063789261131 0
0.1375430319501266 0.4275240613685736 0
-0.386576315192332 0.3943303276576859 0
-0.4598475301522815 0.407070319159694 0
0.1259207783882232 0.4449961957989795 0
0.1352499811696201 0.4638996423864455 0
0.1135131021286366 0.4627066638825358 0
-0.1816955681652917 0.3162696615658197 0
-0.3260124504329508 0.4345665438534163 0
-0.2888680214262859 0.1818754163731478 0
-0.3586796633016003 0.2867674306472115 0
0.0699048101834911 0.3322219729410647 0
-0.03237828265037292 0.4527126849472724 0
-0.2890780578910452 -0.3101702669665423 0
-0.2797558383689541 -0.291352714026229 0
-0.4644949134908034 -0.2098426888929943 0
-0.3960501399555519 0.04747717012596244 0
-0.3098957541215971 0.01652489643235388 0
-0.3286099834475799 -0.1851253667986524 0
-0.3658988688044975 -0.2603951432375611 0
0.39590416830273 0.3345497497309927 0
-0.3191477377649743 0.161722531257581 0
-0.3401752449058487 -0.003628138361405436 0
-0.3776041545831428 -0.406928369853453 0
-0.3682819332369346 -0.3881109261049183 0
-0.1046128995746197 0.4303251580163518 0
-0.3176873893775507 0.4518126254440723 0
-0.4052191940731569 0.356696480970315 0
-0.3935828059680432 0.3392149633597271 0
-0.3051994118196072 0.1079410827523198 0
-0.2983302670666852 -0.1649724838783757 0
-0.2890328722518345 -0.1461333060583282 0
-0.3869290565882096 -0.4257037451912413 0
-0.1517146743307308 -0.3196508437756092 0
0.3818368432536581 0.06061179951958448 0
0.3353173216576532 0.29428519939758 0
-0.3958982759034213 0.3755130573785158 0
-0.2425369632838374 -0.3800982778450036 0
-0.3889588481804235 0.2666143575506801 0
-0.2169972448238807 -0.450672491231897 0
-0.4546931670753651 0.3352213665714386 0
-0.2003417710913643 0.2786336197273219 0
-0.3124786797102207 -0.4381154627374073 0
-0.3309233154449578 -0.1488257842304468 0
-0.1467899256168769 0.2638235526318666 0
0.07466372502825719 0.4236257246148745 0
0.2070969537558729 0.1586439908498024 0
0.02798799678271381 0.3295796127306313 0
-0.3425586301325783 -0.1313437615426933 0
-0.3192879222719863 -0.166307844853244 0
0.1840318291857146 0.3576389661967856 0
-0.1677485036598774 0.2624873905338837 0
-0.3308530611518378 0.01518933033202331 0
-0.1447578056452734 -0.4285243409891575 0
-0.2658075105928618 -0.3451342719520588 0
-0.3912696935636485 0.3029138704996708 0
-0.2935641381737104 0.09045908037315591 0
0.1977619292892321 0.1398328952355838 0
0.4052391927207642 0.3533608453693305 0
-0.433373595306335 0.1362775802117339 0
-0.1444782881334356 0.2275231810284651 0
-0.1331311866021667 -0.4458660262885359 0
-0.1439598613250007 -0.4648761143657849 0
-0.1354362940678803 -0.4097182471944184 0
-0.3819484539949449 0.3217319807757139 0
-0.07042383585411613 -0.4420031697472242 0
-0.4451511086424436 -0.01020074941941446 0
-0.4795157104801769 0.008691073719269103 0
-0.4425839155188196 -0.3745118293242867 0
-0.1540445866971263 -0.2833626186506438 0
-0.379637158293924 0.2854319892794573 0
-0.2332147419493414 -0.3612808333063043 0
-0.2726066431813732 0.09179452174088237 0
-0.2771627356317727 0.3284086422442969 0
-0.3240660300946702 -0.4215295276978674 0
-0.4651848931663184 -0.3747830140473162 0
-0.377324105994455 0.2491325431533805 0
0.3259822972479982 0.2754741037527217 0
-0.1470716860088243 -0.3922381364698055 0
-0.2516486503506505 0.09313168019115263 0
0.379696689616238 0.4246636078020903 0
-0.3959685189620442 0.2114976444810415 0
-0.1454749589066144 -0.2654330375226696 0
0.1558451314726203 0.1371905362879622 0
-0.3866462525749074 0.2303150713527521 0
0.4261975916256007 0.354682024897534 0
0.1209750081101192 0.1896602847272691 0
0.1211566324711155 0.3536754276107126 0
0.1606034559520279 0.2286036554304277 0
-0.4169259859861612 0.210162192580874 0
-0.437713985220875 0.2088591627559803 0
0.447155990530438 0.3560032044257374 0
-0.05928136268975498 -0.4598356008579731 0
-0.03765813010649405 -0.4581602002182791 0
-0.4614642752004946 0.2081790457902973 0
0.3587296898508501 0.423381008082313 0
0.1651801559372353 0.1560016319031533 0
0.3050238983725119 0.2741529241699097 0
0.1815618548872829 0.2299248348922826 0
0.3181771603843727 0.4205043742540973 0
0.4672416426685462 0.3580017280383126 0
0.3380614437070628 0.4219707678567809 0
0.193185229335819 0.2124349187472251 0
0.07905820323202431 0.1870178964885199 0
0.109351632441165 0.2071502014841355 0
0.2699721504810437 0.1626075292711039 0
0.21414362824736 0.2137560982211545 0
0.2351020271570701 0.2150772776989925 0
0.2467254015989567 0.1975873615554095 0
0.258348776039893 0.1800974454128316 0
-0.002305881518620448 0.3094472364483833 0
-0.354193747638995 -0.1138618144778692 0
-0.3658287733018598 -0.0963797989678426 0
-0.2493350500678462 0.0568429752557869 0
-0.274991313812827 -0.03592028587231319 0
-0.4100426593966606 -0.06273332731079795 0
-0.3774639969957208 -0.07889781942186141 0
-0.1421655645059598 0.1912236439236924 0
0.08381653246563861 0.2784310459983927 0
0.1466917315095856 0.2823945834287132 0
0.2095669282374835 0.2863581220370778 0
0.2934005238728549 0.2916428402095817 0
0.3863870893488453 0.151723251186075 0
0.2956888740313947 0.2553418283292924 0
0.4050553572285376 0.1893442328320357 0
0.3957194626196895 0.1705325893898266 0
0.0558112895688313 0.2219977716194245 0
0.03714096999976529 0.1843728443602816 0
0.04647641811129205 0.2031866287375514 0
-0.01279661362767034 0.001869755686121091 0
-0.01012909366837341 -0.002551828168741804 0
-0.01254783618061374 -0.006978141245357464 0
0.03925356300856925 0.1482500888847538 0
0.01819478561422118 0.1469454342714903 0
-0.1094078364120385 0.3391318488716153 0
-0.1652742677711038 0.3902494642874442 0
-0.06293861417693863 0.2691625339963379 0
0.3443294746773733 0.01943734483599448 0
-0.0520833333333332 -0.4794381935612074 0
-0.02275034386582576 0.04695735940645546 0
-0.03033971505966047 0.2530093640109899 0
0.4075233106763492 0.01715858824133325 0
-0.07868145589482779 -0.1200072556142628 0
0.0235752457036444 0.004341764447730795 0
0.1562958711839044 0.01623965101557111 0
0.01304661045417241 0.00447740600572398 0
-0.16498560052835 -0.4653198622625158 0
-0.3020833333333335 0.4819578040878239 0
-0.2384494492881221 -0.4831010417244019 0
-0.1966299228215078 -0.4826124182906819 0
0.4796981405697578 0.302315028315069 0
-0.4830214287626562 0.3027761059037161 0
-0.09343261100625008 -0.4817396199499904 0
-0.2192180177506848 0.4812953325041562 0
0.479071109644208 0.1760278018735694 0
0.483354962874772 0.4056723618869711 0
0.03083198102330113 0.483335919428121 0
-0.4819578040878242 0.2187499999999998 0
-0.01115907825864098 0.483506606612562 0
-0.2802491420897181 -0.4838598288082753 0
0.407051195506178 0.4816199277031061 0
0.07350127331944156 0.4806430061235642 0
-0.3415619751178985 0.4828628375442488 0
-0.4835191191670457 0.3443077533856958 0
-0.1157538808212584 0.4821522475720317 0
-0.4821507394621903 -0.09414416190865899 0
-0.4820927064566736 -0.2601876964635215 0
0.4837466058137082 0.2188715584955027 0
0.2196563959159304 0.482691191422625 0
0.2299928534197211 0.464162119924016 0
0.4820309319351198 0.4452770322049386 0
-0.4792995393010986 -0.4483416829199466 0
-0.01661737168468446 -0.3023094402517289 0
-0.01677433886411361 -0.2187108568020113 0
-0.004289488199939046 -0.007985473955496633 0
-0.02068209837706568 -0.2606009186289879 0
-0.01803377006293779 -0.4479409899982911 0
0.007836210302146762 0.004503674629993619 0
0.4590696865968631 0.4664827883842765 0
-0.4808584337371279 0.406322863350342 0
0.2414530206389988 0.4325441519514831 0
-0.01777225606226761 -0.007443674569464348 0
-0.01666113904738249 -0.1979758067720224 0
-0.07097096059870293 0.02829576648374936 0
-0.4379005530609467 -0.1191218134450683 0
0.09256392045933509 0.4613072999538114 0
0.4648852919480023 0.1013134619761699 0
-0.1773270948610968 0.482043732786418 0
0.0105048381168097 0.008956398571342242 0
-0.0169267987989739 -0.01659860999346313 0
-0.4588141972156544 -0.1200744692520063 0
-0.02873576495271084 0.001035577233876026 0
0.4500124433571062 0.01599836377562315 0
0.07773602749045933 0.0268255072880435 0
0.3033292788104991 0.01798412019806762 0
0.006522062648908755 0.08200595633863031 0
0.00600169752005307 0.04221904585073592 0
0.3653943514905502 0.4809733397590632 0
-0.447916666666667 0.4824132893356872 0
-0.3864091033737148 -0.4821543363001158 0
0.01342420009212229 0.03257374237854281 0
0.4192211689229887 0.4632163704864316 0
0.01089666355365512 0.01793009890682632 0
-0.1462769165782477 0.05327237824579233 0
-0.0370787443613732 0.004863900447821937 0
-0.1221768744486473 -0.4631527787018326 0
-0.03188315101731937 0.125498884551661 0
-0.4826967417364626 -0.2187500000000002 0
-0.0146620526279489 -0.01157140825923356 0
0.1154335180060211 0.4825465202806034 0
0.4829286330428322 0.2601129525788369 0
8.028625411139745e-05 0.01798581765531419 0
0.4825585739017862 0.3451976516492007 0
0.01568924375536526 0.008856014194091731 0
-0.1572652126769876 0.4818379517585135 0
-0.01582106243265275 0.04228221808558258 0
0.0520026635098178 0.03041587786260962 0
0.4656813585828191 0.2289570176688967 0
-0.03495259966540282 0.04649737981730272 0
-0.03441281853531647 0.0006117849420483809 0
-0.4828620994408634 -0.05253793976697527 0
-0.07471520660940079 -0.04479521037691492 0
0.2895534074288623 0.03635517268322537 0
-0.03641765823941273 -0.329973557067349 0
-0.03064751154747174 -0.01269297049137874 0
0.4483734810870788 0.482959351407759 0
-0.4341959835164027 0.4640473552289364 0
-0.4034744688622223 -0.4635958119044453 0
0.463786382880478 0.4325654545405162 0
-0.4696694083503624 -0.4835037307505443 0
-0.01744533959968148 -0.4677454025398884 0
-0.4824806411320076 0.1130031784319465 0
-0.06916906676797259 -0.1019308769367007 0
-0.1346339004067191 -0.4823189323996672 0
-0.1716455054246057 -0.1959722461660858 0
-0.009104664006086061 -0.01100459373007202 0
-0.4613849906097747 0.2794366303128147 0
0.4817208802426579 0.0315423467770512 0
0.4659065121839936 0.3941370935585277 0
-0.1116610362272566 0.005492752085143771 0
-0.08609113464741576 -0.00450128248457167 0
0.1355533665017948 0.4856807933509746 0
0.3940558302757101 0.0451086562217383 0
0.02093738303606071 0.008680085961441618 0
0.009516294990555244 0.0369795679859018 0
-0.1269735261608531 0.4643380664103162 0
-0.1255629505472944 0.0542555363631269 0
0.4838960065274842 0.07281395633955687 0
-0.002704883321024254 0.06529216138930888 0
-0.05165927157728426 0.4830162113200315 0
-0.2254103810097106 -0.1393897349869627 0
0.005495480779295084 0.01789961837229614 0
-0.06097495959767834 0.0232991503899351 0
0.2600777706220048 0.01770695228515355 0
-0.03203873939117914 0.01453615477918542 0
-0.4650472389891781 0.31504556273117 0
0.483165294433634 0.1328098277926439 0
0.4683906047121618 0.483625980717805 0
-0.4052405671049555 0.4832540563615087 0
-0.4276846319522936 -0.4858679771398877 0
-0.1553526291536286 -0.4825532405645064 0
0.02671275548167208 0.008877388582964343 0
0.0619871514090555 0.01672266021493423 0
-0.1242841525310172 -0.05208387794464386 0
-0.04310283898229237 0.04004374182020524 0
-0.1573596322630429 -0.07581907101147517 0
-0.105732854978521 0.465023950642284 0
0.156710743900108 0.4612018170601236 0
-0.0361253358644157 -0.2948508259974596 0
-0.4670300177362979 0.1870543325795264 0
-0.2299161373621773 -0.1044414762342078 0
-0.4659740790495353 0.3518883260233048 0
0.0004204433417433623 0.02674877627094774 0
-0.483136529001795 0.07495827810581138 0
0.03905813842337036 0.1138239498110874 0
-0.05848821636315819 -0.2977004601572844 0
-0.4839929700151113 -0.3441163782900964 0
-0.05390973764515329 -0.05112168706822226 0
0.2476640828510159 0.03467723411041026 0
0.03009800965626779 0.03987677757760762 0
-0.4838014414169671 -0.1780968212225559 0
-0.1849617048035739 -0.4651296524711488 0
-0.3835511355624702 0.4827901127407274 0
-0.004049676679272474 -0.01800399576569922 0
-0.4473537492363913 -0.4614347557075645 0
-0.02108550967388893 0.03821697444643262 0
-0.08548367871490331 0.4655745103197449 0
-0.07142634377084565 0.07893529210695899 0
-0.04906265530847664 -0.1013378332079092 0
-0.08013171665230998 -0.2992108327149839 0
0.1771259164173971 0.4861515059274562 0
0.0443559657022536 0.02634661717422569 0
0.4849324264814834 0.3645833333333335 0
-0.01501022589996796 -0.1564105339887278 0
-0.4847546571058032 0.4454399205158753 0
-0.4651989988150922 0.0230324126140948 0
0.2596348245426484 0.4838266700351479 0
0.05910278709266858 0.06015626926295022 0
0.06900221754745481 0.07996289192306888 0
0.05786231938372668 0.08974586583364798 0
-0.00935944802907307 -0.03633519831177769 0
-0.1008986763631197 -0.2996675708870306 0
-0.01458414909899954 -0.3656472609234008 0
-0.07899088551440041 0.06591593528439466 0
-0.06622324133742404 0.01515235657127517 0
-0.0334413036017412 -0.04533120213245402 0
0.0003900261518892251 0.0563857372717889 0
0.2196198107596465 0.01549207602721104 0
-0.03540550971044583 -0.2444952247078621 0
-0.1843269947104974 -0.09676942882139361 0
0.08764175421374829 0.06173455834899498 0
-0.2062211104686343 -0.465957222579942 0
0.03427065551287629 0.003978157006440539 0
-0.01497867868781885 0.01862830288680611 0
0.4652270813223706 0.192307070180675 0
-0.06547172343356591 -0.07391631089258396 0
-0.3705115643194076 0.4654001147762988 0
-0.1721803612201995 -0.05949051110402739 0
0.007565797386782092 0.06176927343101046 0
-0.03554811715653097 0.03807044628311446 0
-0.4841256656334014 -0.4096281994098851 0
-0.06041024317096268 0.1073878512380326 0
-0.07532148656965071 0.4835264902303421 0
-0.2074685178320456 -0.1007511455537315 0
-0.08467975637189448 0.0844551396296685 0
-0.4673955071635112 -0.1041666666666666 0
0.01667763453592476 0.06029670136330467 0
-0.4837425614044022 0.1531587096485062 0
-0.4834075797025487 0.04988057434139236 0
-0.01585166732303974 0.03634957121821616 0
-0.101960185615672 -0.2663758100693047 0
0.1979415976362292 0.4629699438475825 0
0.0532646432800106 0.01480972128257164 0
0.00299607155741799 0.03063548625827758 0
-0.3210624092429382 -0.4547784179002146 0
-0.1779932493619465 -0.078619155392814 0
-0.07802740895406431 0.01511925570205012 0
-0.2270242369588946 -0.4665382238514135 0
0.1974627782682747 0.01652664648154399 0
-0.2033428730188566 -0.0477450969725985 0
-0.1069205016233684 0.1058684049626623 0
-0.04349370545336396 0.466875254759774 0
-0.4860493048512003 -0.1354166666666667 0
0.2813976481649801 0.4354412556629457 0
-0.03208824282516277 -0.4375291879979512 0
0.2597960412647808 0.4331908456087687 0
-0.03125352035826724 -0.1847442120864862 0
-0.02865652296664667 0.07718956099874068 0
-0.3490158930215377 0.4653387917775915 0
-0.1160720283511071 -0.2491400297983415 0
-0.1185972639023704 -0.01563797922117049 0
-0.4649801302103027 -0.4649508635969097 0
-0.4668191562339158 -0.2689881677893661 0
-0.4668524776238289 0.2278529782520406 0
0.0894177569527671 0.02492815573569517 0
-0.4846941731026435 -0.3809718727509521 0
-0.4857338518618782 -0.01069604415923256 0
-0.2481605628750823 -0.4674109632409239 0
-0.01348219371788149 -0.405941424235306 0
0.230960421950315 0.4462166595983001 0
0.1839953396127192 0.03360202661432385 0
-0.1382181065178954 -0.2484771307429225 0
-0.02237433132122302 0.4676751793900895 0
-0.4689728031740477 -0.2286929968842467 0
-0.4866103965489684 0.3858370611347979 0
-0.4662837761856004 -0.4333033092551993 0
-0.01893014759260974 0.0876316420330929 0
-0.1261996622255711 0.1070432705099611 0
-0.3290142672800692 0.4666318996211936 0
-0.04650506372565466 -0.01393637203302135 0
-0.03983115604399792 -0.01600600697862602 0
-0.1793183135307021 0.01588854389690262 0
-0.00485784003276156 -0.04842237638742702 0
0.03142954472330819 0.05083506135074348 0
-0.01170860703242129 -0.04040124455890302 0
0.4655524667482762 0.1593250505171039 0
0.4661226552949735 0.3178091180936213 0
0.1031333831655523 0.06422906539460126 0
0.4607860296983742 0.03020015934960797 0
0.0258163051304194 0.06222915716788588 0
-0.2691434561861881 -0.4681838039070131 0
-0.4866686247616365 -0.3022798717950955 0
-0.008115904914149395 -0.006224597519950664 0
-0.4850739067962738 0.4749204805332456 0
0.01177102313989797 0.04451648917579874 0
-0.1509964086039263 -0.2312227074270446 0
0.02383621402783268 0.02230893734629991 0
-0.007548569639041339 0.0007329506738257136 0
-0.007608810351200347 -0.01547255402223748 0
-0.001013429083824367 0.4686952806785272 0
-0.468427237126519 -0.06388727750821679 0
0.1640820005151231 0.03261229830342297 0
-0.1759063171895185 0.04777238281598245 0
-0.04057833077341817 0.0005107050068042657 0
0.1332749904381068 0.04774611659118112 0
0.4840570617536505 0.111409132793635 0
0.4702580717637217 0.08254785248124108 0
-0.01525271008379017 -0.4847498950565133 0
-0.4847489415089811 -0.4847489415089812 0
-0.0305974360935962 -0.3125875639938513 0
-0.3225015791472091 -0.4867036734305674 0
-0.3114913743082871 0.4687518227190062 0
0.4848803475892139 0.4848803475892138 0
0.004517815713802678 0.07161596047725699 0
0.4697420969090672 0.2486138595631751 0
-0.03563427879190306 -0.01280965123416489 0
-0.01706062824360227 0.01455577600352255 0
0.1134570065918687 0.04848399590925212 0
0.4414002584795991 0.03091513841435817 0
-0.04687998607424451 0.04902665701700898 0
-0.01533292634298849 -0.05486608076545729 0
0.2495416360057598 0.4695934306849416 0
-0.1962554466400055 -0.02796998515641995 0
-0.06568677057605522 -0.05247569411673847 0
-0.1609606955094857 -0.2137237982375606 0
-0.2900343095580331 -0.4688749283891701 0
-0.03699343771749682 -0.02249421688235764 0
-0.03317804127603595 -0.2758171257764463 0
0.1446068673159875 0.03215724196339861 0
0.07136996804209322 0.01880221451578874 0
0.4860613225569068 0.01395379749026487 0
0.4672094375693127 0.2874426355694966 0
0.4695160954597082 0.4151007730016415 0
-0.01748058344642826 0.02312835990380081 0
0.01980095819332822 0.4691600877874522 0
-0.01645056932862075 -0.03050368569350083 0
0.05637181633243682 0.02265076710499163 0
-0.4676621999984157 0.1007165672193437 0
-0.05426803015618571 -0.01496561810192168 0
-0.1616722460429062 -0.1825699456371629 0
-0.292671755379958 0.4696106116201949 0
-0.03030691893158367 -0.2275658462307554 0
-0.1880492919712819 -0.009745045834864074 0
-0.01444563593555209 0.01002696668071565 0
-0.4669273693815607 0.4224186439922311 0
0.2126126776989534 0.4677796033820631 0
-0.4878482287278014 0.2605275213054883 0
-0.01596573918216353 -0.06324950138433538 0
-0.4688363596747446 0.2936203772611018 0
0.4720324960364073 0.3733704848262649 0
0.4216208507308888 0.03165524015841487 0
-0.4699523699156832 -0.3550657951125976 0
0.4047159576991867 0.03334142209782288 0
-0.01685939639345814 -0.07295424014313667 0
0.4668688348561524 0.451703047877364 0
0.04073922449216888 0.4698654820027111 0
0.02529584232502877 0.01690374362364774 0
-0.1791174352409901 -0.1605132027675741 0
0.3114437975083227 0.4350723168412327 0
-0.4853662313030455 0.1829869024439971 0
-0.02198658978387088 0.02300225904324506 0
-0.01206932923239038 0.005574498906997523 0
-0.1133599317635834 -0.03529155590865318 0
0.4697650808726812 0.04334332571655486 0
0.04616954632762885 0.08300929324355083 0
-0.3100031957967834 -0.4688895075973193 0
-0.1406950043911298 0.0854211428325419 0
-0.04468024512666469 -0.006153433227124278 0
-0.1901994497868868 0.02505866893137325 0
0.006178736370752225 0.05470947160941196 0
-0.07585967631567488 -0.003150064429555136 0
-0.08059067785552143 0.004655927194689345 0
-0.03605489846103438 -0.05347495923603073 0
0.06121853510302641 0.4700158271993868 0
0.4711303419398289 0.2083333333333331 0
0.3878250920815227 0.01148150654575616 0
-0.4692974599647577 -0.1904346371307814 0
-0.1931700546353321 -0.164759039318068 0
-0.08018522252343292 -0.01324629682574527 0
-0.4712666429573356 0.3333333333333333 0
-0.02717992431562914 -0.1666631315074368 0
-0.1407745869420684 -0.0507379435447925 0
-0.4881590764498906 0.4883469363265419 0
$EndNodes
$Elements
15 4815 1 4815
0 1 15 1
1 1 
0 2 15 1
2 2 
0 3 15 1
3 3 
0 4 15 1
4 4 
0 5 15 1
5 5 
0 6 15 1
6 6 
0 7 15 1
7 7 
1 1 1 24
8 1 8 
9 8 9 
10 9 10 
11 10 11 
12 11 12 
13 12 13 
14 13 14 
15 14 15 
16 15 16 
17 16 17 
18 17 18 
19 18 19 
20 19 20 
21 20 21 
22 21 22 
23 22 23 
24 23 24 
25 24 25 
26 25 26 
27 26 27 
28 27 28 
29 28 29 
30 29 30 
31 30 2 
1 2 1 32
32 2 31 
33 31 32 
34 32 33 
35 33 34 
36 34 35 
37 35 36 
38 36 37 
39 37 38 
40 38 39 
41 39 40 
42 40 41 
43 41 42 
44 42 43 
45 43 44 
46 44 45 
47 45 46 
48 46 47 
49 47 48 
50 48 49 
51 49 50 
52 50 51 
53 51 52 
54 52 53 
55 53 54 
56 54 55 
57 55 56 
58 56 57 
59 57 58 
60 58 59 
61 59 60 
62 60 61 
63 61 3 
1 3 1 29
64 3 62 
65 62 63 
66 63 64 
67 64 65 
68 65 66 
69 66 67 
70 67 68 
71 68 69 
72 69 70 
73 70 71 
74 71 72 
75 72 73 
76 73 74 
77 74 75 
78 75 76 
79 76 77 
80 77 78 
81 78 79 
82 79 80 
83 80 81 
84 81 82 
85 82 83 
86 83 84 
87 84 85 
88 85 86 
89 86 87 
90 87 88 
91 88 89 
92 89 4 
1 4 1 3
93 4 90 
94 90 91 
95 91 5 
1 5 1 24
96 5 92 
97 92 93 
98 93 94 
99 94 95 
100 95 96 
101 96 97 
102 97 98 
103 98 99 
104 99 100 
105 100 101 
106 101 102 
107 102 103 
108 103 104 
109 104 105 
110 105 106 
111 106 107 
112 107 108 
113 108 109 
114 109 110 
115 110 111 
116 111 112 
117 112 113 
118 113 114 
119 114 6 
1 6 1 48
120 6 115 
121 115 116 
122 116 117 
123 117 118 
124 118 119 
125 119 120 
126 120 121 
127 121 122 
128 122 123 
129 123 124 
130 124 125 
131 125 126 
132 126 127 
133 127 128 
134 128 129 
135 129 130 
136 130 131 
137 131 132 
138 132 133 
139 133 134 
140 134 135 
141 135 136 
142 136 137 
143 137 138 
144 138 139 
145 139 140 
146 140 141 
147 141 142 
148 142 143 
149 143 144 
150 144 145 
151 145 146 
152 146 147 
153 147 148 
154 148 149 
155 149 150 
156 150 151 
157 151 152 
158 152 153 
159 153 154 
160 154 155 
161 155 156 
162 156 157 
163 157 158 
164 158 159 
165 159 160 
166 160 161 
167 161 7 
1 7 1 48
168 7 162 
169 162 163 
170 163 164 
171 164 165 
172 165 166 
173 166 167 
174 167 168 
175 168 169 
176 169 170 
177 170 171 
178 171 172 
179 172 173 
180 173 174 
181 174 175 
182 175 176 
183 176 177 
184 177 178 
185 178 179 
186 179 180 
187 180 181 
188 181 182 
189 182 183 
190 183 184 
191 184 185 
192 185 186 
193 186 187 
194 187 188 
195 188 189 
196 189 190 
197 190 191 
198 191 192 
199 192 193 
200 193 194 
201 194 195 
202 195 196 
203 196 197 
204 197 198 
205 198 199 
206 199 200 
207 200 201 
208 201 202 
209 202 203 
210 203 204 
211 204 205 
212 205 206 
213 206 207 
214 207 208 
215 208 1 
2 1 2 4600
216 213 308 3 
217 230 1473 1375 
218 1891 1917 287 
219 213 2320 308 
220 506 1402 676 
221 1621 2136 1449 
222 124 1453 123 
223 418 2136 1621 
224 1454 1458 1442 
225 1417 1830 1165 
226 772 2232 1452 
227 1308 2254 1527 
228 1527 2254 496 
229 248 1628 1364 
230 1428 2118 2094 
231 418 2325 1483 
232 1483 2136 418 
233 2094 2118 226 
234 247 1624 38 
235 1364 1630 248 
236 1356 1473 268 
237 403 1830 1417 
238 1453 1454 1442 
239 1307 2194 1460 
240 284 1699 1422 
241 1496 1501 1302 
242 244 1442 1440 
243 513 1380 955 
244 38 1624 37 
245 227 1382 1379 
246 1379 1412 227 
247 1443 2183 1246 
248 2072 2151 536 
249 1365 1700 239 
250 1373 2160 2132 
251 2132 2160 264 
252 1375 1473 1356 
253 1174 2349 1172 
254 246 2145 1764 
255 284 1700 1699 
256 676 1433 504 
257 287 1917 1446 
258 226 2118 1939 
259 508 1402 506 
260 2172 2283 1322 
261 1372 2128 668 
262 1380 2326 955 
263 1939 2142 226 
264 1353 1496 1302 
265 2302 2303 1390 
266 1422 2086 284 
267 1667 1668 250 
268 536 2218 2072 
269 1390 2390 2302 
270 1172 2349 1462 
271 253 1723 1722 
272 1373 1630 1364 
273 1411 2123 240 
274 1938 2142 1939 
275 1373 2132 1630 
276 1938 2174 2142 
277 1398 2194 1307 
278 1433 2383 504 
279 786 2342 1464 
280 1764 2309 246 
281 1395 2086 1422 
282 1383 2189 249 
283 560 2401 2173 
284 1460 2194 261 
285 2027 2090 223 
286 300 1625 1467 
287 1440 1447 244 
288 249 2308 1383 
289 399 2183 1443 
290 256 2174 1938 
291 1938 2200 256 
292 1409 1410 282 
293 2189 2328 97 
294 2026 2071 304 
295 329 2207 332 
296 289 1453 124 
297 123 1453 244 
298 1408 2168 2141 
299 229 1474 1392 
300 1454 2276 1458 
301 1384 2328 2189 
302 302 2192 1381 
303 1456 2276 1454 
304 1381 2217 302 
305 955 1424 1402 
306 1631 2261 258 
307 244 1453 1442 
308 1452 2232 1784 
309 290 2025 1804 
310 1722 2070 253 
311 1359 2248 1465 
312 184 2000 258 
313 1420 1466 241 
314 151 1700 150 
315 1177 1179 1178 
316 682 2342 786 
317 1406 1491 260 
318 1322 2283 651 
319 185 2000 184 
320 224 2086 1395 
321 290 2071 2025 
322 1452 2207 772 
323 240 2275 1411 
324 1173 1174 1172 
325 1375 1501 230 
326 69 310 68 
327 1524 2205 1461 
328 260 1490 1406 
329 2212 2306 1344 
330 1403 1404 1187 
331 204 2253 1414 
332 2201 2208 1314 
333 319 2306 2212 
334 1414 2288 204 
335 1176 1177 1174 
336 1668 2297 250 
337 1400 1420 298 
338 1436 2130 1438 
339 1410 1411 282 
340 300 2291 1625 
341 287 2164 1891 
342 298 1418 1400 
343 1392 2287 229 
344 1316 2273 1448 
345 264 2160 1381 
346 2273 2300 1448 
347 668 2128 330 
348 318 2149 320 
349 1431 1433 676 
350 1395 1495 224 
351 1192 1403 1177 
352 1192 2358 1403 
353 182 2261 2206 
354 1381 2192 264 
355 1179 1403 1187 
356 122 1447 121 
357 2151 2342 2197 
358 2259 2312 685 
359 263 1623 1423 
360 589 1380 515 
361 314 1307 312 
362 316 2319 1430 
363 660 1378 530 
364 1699 1700 1365 
365 1171 1172 660 
366 511 1402 508 
367 778 899 744 
368 389 2230 1370 
369 1179 1181 1180 
370 1177 1178 1174 
371 1804 2085 290 
372 239 2363 1365 
373 1404 1491 1406 
374 2282 2294 1486 
375 1412 1999 1301 
376 515 1380 513 
377 1179 1180 1178 
378 772 2207 329 
379 2103 2161 291 
380 1402 2187 676 
381 790 2294 2282 
382 1465 2165 1359 
383 2025 2071 2026 
384 335 2139 1479 
385 1379 1999 1412 
386 312 1460 310 
387 1154 2266 1393 
388 1372 2299 1350 
389 955 2326 2137 
390 757 778 744 
391 668 2299 1372 
392 955 1402 511 
393 513 955 511 
394 735 2380 1396 
395 230 1501 1496 
396 1396 2362 735 
397 1803 2085 1804 
398 256 2200 1754 
399 546 2116 519 
400 258 2228 1631 
401 141 2255 2182 
402 1171 1173 1172 
403 316 1430 314 
404 560 2173 1322 
405 255 2130 1436 
406 578 744 316 
407 2103 2377 2161 
408 1754 2223 256 
409 247 2156 1624 
410 1725 1727 278 
411 2141 2168 2064 
412 244 1447 122 
413 1693 2293 2271 
414 1173 1176 1174 
415 744 2319 316 
416 1177 1403 1179 
417 1727 2155 2127 
418 1172 1378 660 
419 1393 2177 1154 
420 283 2223 1754 
421 253 1724 1723 
422 1754 2264 283 
423 1336 1337 1192 
424 1495 2120 224 
425 2271 2293 231 
426 1404 2358 1491 
427 268 2376 1356 
428 1899 2211 2186 
429 310 2245 68 
430 1460 2245 310 
431 1481 2316 163 
432 778 953 899 
433 304 2163 2026 
434 150 1700 284 
435 239 1700 151 
436 225 2206 1415 
437 1413 2253 269 
438 1378 2361 530 
439 278 2070 1725 
440 2206 2261 1416 
441 1246 2183 1417 
442 29 2071 28 
443 2127 2155 237 
444 716 2154 562 
445 275 2184 2144 
446 2027 2286 2090 
447 285 2099 1907 
448 1527 2273 1316 
449 296 2098 1444 
450 2306 2312 1345 
451 1727 2127 278 
452 2186 2211 277 
453 314 1430 1307 
454 335 1479 333 
455 1176 1192 1177 
456 1337 2358 1192 
457 1423 1625 263 
458 255 1436 1435 
459 2072 2218 2148 
460 1494 2120 1495 
461 1165 2400 1417 
462 1424 2187 1402 
463 1474 1475 1392 
464 1420 1675 1466 
465 2302 2390 589 
466 728 1461 1154 
467 1725 2070 1722 
468 1404 1405 1187 
469 716 2346 2154 
470 1438 2130 1447 
471 970 2317 1476 
472 318 2224 2149 
473 1316 2257 1527 
474 589 2390 1380 
475 2138 2166 257 
476 517 589 515 
477 1181 1182 1180 
478 1451 2065 336 
479 1179 1187 1181 
480 1400 1675 1420 
481 1416 2261 1631 
482 729 2148 727 
483 305 1481 1425 
484 1715 2249 2215 
485 163 2227 1481 
486 1425 2159 2131 
487 227 2153 1382 
488 1417 2183 403 
489 223 2202 2027 
490 257 2085 1803 
491 282 2213 1409 
492 1995 2166 2138 
493 786 1464 1463 
494 1303 2221 2165 
495 269 2298 1413 
496 962 1478 743 
497 1478 2116 741 
498 1301 2000 1412 
499 1803 2138 257 
500 1350 2299 2280 
501 743 1478 741 
502 333 1479 668 
503 2129 2317 970 
504 2215 2249 254 
505 1172 1462 1378 
506 1327 2151 2072 
507 1494 2147 2120 
508 2131 2159 272 
509 726 1524 1461 
510 86 2070 85 
511 1368 2308 2087 
512 1370 2231 389 
513 1464 2342 2151 
514 1385 2227 266 
515 1307 2379 1398 
516 1709 1710 295 
517 260 1491 1477 
518 266 2367 1385 
519 2108 2241 1795 
520 328 685 326 
521 1307 1460 312 
522 1334 2208 2201 
523 1435 2093 255 
524 1425 2131 305 
525 968 2379 2319 
526 241 2314 1420 
527 685 2312 326 
528 1493 2147 1494 
529 578 757 744 
530 311 312 310 
531 1614 2143 286 
532 1764 2145 2033 
533 2182 2255 1360 
534 563 2385 2196 
535 1421 2198 652 
536 1415 2360 225 
537 2104 2284 1729 
538 786 1463 978 
539 2242 2256 1245 
540 1343 2250 1399 
541 1479 2139 1352 
542 2250 2268 2198 
543 1447 2130 121 
544 1399 2272 1343 
545 248 1629 1628 
546 1435 2134 2093 
547 1181 1183 1182 
548 2197 2252 2151 
549 313 314 312 
550 564 1465 716 
551 538 660 530 
552 1507 2172 1322 
553 1438 1447 1440 
554 741 2116 546 
555 962 1507 1478 
556 778 2133 954 
557 1170 1171 660 
558 28 2071 290 
559 304 2071 29 
560 504 2383 502 
561 2242 2268 1342 
562 2272 2345 725 
563 251 2205 1524 
564 2326 2390 1194 
565 1314 2332 2201 
566 506 676 504 
567 274 2320 213 
568 2165 2221 1359 
569 1342 2268 1343 
570 912 2072 897 
571 726 1461 728 
572 1408 2321 2168 
573 2144 2184 1459 
574 320 2149 904 
575 2065 2066 336 
576 1501 2221 1303 
577 1421 2250 2198 
578 953 959 899 
579 271 2307 1397 
580 1327 2072 912 
581 332 2207 336 
582 2280 2299 1351 
583 1995 2193 2166 
584 1399 2345 2272 
585 1410 1482 1411 
586 2087 2247 1368 
587 2093 2134 288 
588 2062 2320 274 
589 51 1472 268 
590 1483 2325 1484 
591 1527 2257 1308 
592 2116 2237 2185 
593 2222 2234 1239 
594 1308 2257 2220 
595 778 954 953 
596 333 668 330 
597 253 2070 86 
598 85 2070 278 
599 2220 2257 2236 
600 212 310 69 
601 2026 2163 2109 
602 496 2254 1518 
603 49 1473 230 
604 2072 2148 897 
605 263 2235 1623 
606 289 1454 1453 
607 232 2140 1948 
608 904 1315 972 
609 2079 2193 1995 
610 1352 2139 1518 
611 564 716 562 
612 728 1154 758 
613 954 2133 1393 
614 237 2155 1899 
615 1624 2235 37 
616 2099 2285 1907 
617 2106 2115 1532 
618 1187 2122 1181 
619 251 2144 1459 
620 221 2356 2246 
621 315 316 314 
622 1181 2122 1183 
623 954 1159 953 
624 286 2354 1614 
625 1405 2122 1187 
626 1532 2364 2106 
627 1344 2306 1345 
628 962 2172 1507 
629 1404 1406 1405 
630 309 2284 2104 
631 250 2204 1667 
632 1461 2266 1154 
633 2283 2385 651 
634 510 511 508 
635 1443 2203 399 
636 2087 2308 249 
637 2122 2141 1183 
638 2196 2385 1401 
639 58 1490 57 
640 1234 1625 1423 
641 1467 1625 1234 
642 1487 2386 303 
643 1507 2269 1478 
644 1342 2256 2242 
645 55 1477 271 
646 57 1490 260 
647 1482 1640 921 
648 1410 1640 1482 
649 1899 2186 237 
650 2126 2352 1470 
651 1290 2283 2172 
652 234 2241 2108 
653 2000 2228 258 
654 897 2148 729 
655 1756 2292 2102 
656 512 513 511 
657 1488 2386 1487 
658 302 2284 2162 
659 2116 2269 2237 
660 70 212 69 
661 72 267 71 
662 74 229 73 
663 1183 1184 1182 
664 53 210 52 
665 55 271 54 
666 51 268 50 
667 298 2209 1418 
668 904 2149 1315 
669 959 968 899 
670 1057 2340 2327 
671 596 1510 781 
672 1408 2122 1405 
673 1313 2135 1499 
674 334 2066 337 
675 1444 2323 296 
676 1470 2287 2126 
677 49 230 48 
678 955 2137 1424 
679 1448 2300 684 
680 987 1495 1395 
681 1492 1494 998 
682 289 1455 1454 
683 1512 2304 380 
684 280 2147 1493 
685 935 2068 1270 
686 14 1630 13 
687 1509 1769 1270 
688 1270 2068 1509 
689 954 1212 1159 
690 1715 2191 1716 
691 2203 2256 722 
692 1175 2210 1445 
693 1483 1484 1321 
694 1250 1681 1654 
695 781 1510 1003 
696 2319 2379 1430 
697 272 2159 1716 
698 1406 1407 1405 
699 1494 1495 998 
700 1194 2390 1390 
701 998 1495 987 
702 780 962 743 
703 1097 1682 994 
704 1198 1432 1431 
705 1497 2067 791 
706 1198 1516 1432 
707 997 2075 995 
708 998 1508 1492 
709 1499 2121 1313 
710 584 1510 596 
711 1101 1617 1099 
712 993 1769 1509 
713 993 1509 1508 
714 1500 1616 559 
715 993 1508 998 
716 1231 1483 1321 
717 1493 2178 280 
718 248 1630 14 
719 1457 2344 2102 
720 1184 1185 1182 
721 2246 2356 1434 
722 1250 2068 935 
723 1250 1682 1681 
724 4 270 89 
725 921 2117 1482 
726 1105 1618 1103 
727 1598 2069 693 
728 76 273 75 
729 959 1312 968 
730 1497 1682 1097 
731 994 1682 1250 
732 791 1682 1497 
733 1617 2067 1497 
734 1432 1434 1433 
735 670 1515 597 
736 460 2073 451 
737 1654 2068 1250 
738 1099 1617 1497 
739 1500 1617 1101 
740 995 2075 1515 
741 566 1465 564 
742 288 2134 1480 
743 1500 1618 1616 
744 693 2069 1506 
745 2236 2257 914 
746 425 1520 423 
747 1455 1456 1454 
748 559 1617 1500 
749 280 2178 2097 
750 1212 1459 1159 
751 73 1470 72 
752 71 1471 70 
753 652 2404 1421 
754 1498 1499 275 
755 1303 2075 997 
756 1103 1618 1500 
757 1112 1618 1105 
758 1599 1618 1112 
759 420 1502 774 
760 995 1515 670 
761 67 261 66 
762 1406 1490 1407 
763 1407 1408 1405 
764 688 1505 1503 
765 597 1515 585 
766 317 578 316 
767 1112 2069 1599 
768 337 2066 1502 
769 1599 2069 1598 
770 451 2073 1520 
771 451 1520 425 
772 423 1520 688 
773 1710 2369 295 
774 1503 1513 688 
775 1502 1514 774 
776 214 1498 275 
777 1184 1186 1185 
778 1492 1508 961 
779 961 1508 999 
780 1312 1398 968 
781 959 1313 1312 
782 339 1502 420 
783 245 1511 217 
784 1293 1512 1317 
785 688 1520 1505 
786 693 2073 460 
787 1455 1457 1456 
788 1508 1509 999 
789 1502 2066 1514 
790 688 1513 421 
791 421 1513 419 
792 1504 1513 1503 
793 1514 2066 2065 
794 1681 1682 791 
795 217 1511 215 
796 1504 1517 1513 
797 1616 1618 1599 
798 1291 1512 1293 
799 1517 1534 342 
800 1184 1188 1186 
801 1513 1517 419 
802 1514 2060 774 
803 1251 2060 1514 
804 1710 2169 238 
805 1504 1534 1517 
806 340 1517 342 
807 1485 2263 1486 
808 1002 1522 1000 
809 66 2076 65 
810 419 1517 340 
811 1325 1516 1196 
812 1196 1516 1198 
813 1188 1189 1186 
814 1369 1522 1002 
815 1000 1522 1519 
816 1506 2073 693 
817 649 1519 672 
818 672 1519 735 
819 1514 2065 1251 
820 648 1519 649 
821 1188 1195 1189 
822 1519 1522 735 
823 909 1594 770 
824 1195 1196 1189 
825 1188 1199 1195 
826 777 1531 1529 
827 1533 1594 1247 
828 1252 2061 2060 
829 1247 1594 909 
830 770 1594 777 
831 1534 1806 363 
832 343 1518 341 
833 2059 2061 1745 
834 426 1523 429 
835 1529 1536 777 
836 723 1536 680 
837 777 1594 1531 
838 1504 1806 1534 
839 1521 1523 424 
840 680 1536 1525 
841 424 1523 426 
842 1252 2060 1251 
843 1196 1197 1189 
844 1195 1325 1196 
845 777 1536 723 
846 422 1521 424 
847 680 1525 673 
848 344 1534 363 
849 1523 2059 429 
850 1523 2061 2059 
851 1005 1526 347 
852 673 1525 671 
853 220 1524 222 
854 1196 1198 1197 
855 1528 1536 1529 
856 347 1526 345 
857 996 1528 1158 
858 1528 1529 1158 
859 1535 1578 363 
860 1531 1594 1533 
861 1745 2061 1252 
862 739 1528 996 
863 363 1806 1535 
864 363 1578 346 
865 1257 1539 1368 
866 713 1857 1543 
867 1257 1542 1539 
868 1258 1542 1257 
869 1004 1567 868 
870 1537 1567 1004 
871 2060 2061 1521 
872 902 2057 977 
873 1004 1671 1537 
874 1537 1671 1538 
875 1538 1671 1559 
876 1559 1868 1538 
877 1529 1530 1158 
878 1540 1568 484 
879 484 1568 472 
880 1543 1857 1542 
881 1544 1740 1260 
882 868 1567 902 
883 475 1740 1544 
884 1258 1543 1542 
885 1544 1547 475 
886 464 2056 453 
887 448 1573 446 
888 484 1868 1559 
889 1573 2053 446 
890 484 1559 1540 
891 446 2053 444 
892 1543 2055 713 
893 1567 2057 902 
894 472 1568 464 
895 1551 1554 469 
896 442 1574 440 
897 1560 2052 1556 
898 1157 1558 1353 
899 2030 2054 455 
900 1547 1573 475 
901 455 2054 1740 
902 1740 2054 1260 
903 475 1573 448 
904 466 2052 1560 
905 1560 1563 466 
906 1258 2058 1543 
907 1568 2056 464 
908 1554 1574 469 
909 2057 2058 1258 
910 444 2053 469 
911 436 1575 434 
912 469 1574 442 
913 1158 1558 1157 
914 469 2053 1551 
915 1529 1531 1530 
916 1530 1558 1158 
917 1569 2051 1565 
918 1563 1575 466 
919 1574 2052 440 
920 1556 2052 1574 
921 466 1575 436 
922 977 2057 1258 
923 465 2051 1569 
924 1569 1571 465 
925 1571 1577 465 
926 1575 2051 434 
927 1565 2051 1575 
928 681 1576 790 
929 713 2055 605 
930 1531 1532 1530 
931 1577 1579 428 
932 346 1578 348 
933 1577 1600 1579 
934 465 1577 430 
935 430 1577 428 
936 1571 1600 1577 
937 453 2056 455 
938 679 1576 681 
939 1535 1584 1578 
940 349 1582 1005 
941 428 1579 427 
942 1578 1584 689 
943 1531 1533 1532 
944 1260 2054 1060 
945 352 1593 360 
946 1584 2050 689 
947 689 2050 1593 
948 360 1593 1006 
949 350 1593 352 
950 1155 1589 1586 
951 1134 2048 721 
952 1586 1589 1139 
953 1155 1586 1444 
954 1139 1589 1134 
955 1579 1600 793 
956 756 1581 1580 
957 1580 1581 1009 
958 684 1582 354 
959 2045 2049 1684 
960 1704 2047 1587 
961 1589 2048 1134 
962 1596 1794 943 
963 1581 1583 1009 
964 1583 1741 390 
965 407 1588 1587 
966 1587 2047 407 
967 407 1797 1588 
968 1595 1794 1596 
969 1588 1797 1660 
970 1580 1595 756 
971 1660 1797 708 
972 943 2045 1596 
973 1581 1741 1583 
974 1590 1660 708 
975 1580 1794 1595 
976 708 1882 1590 
977 375 2046 1882 
978 1882 2046 1590 
979 1583 2047 1704 
980 354 1582 351 
981 459 1579 793 
982 2044 2045 1778 
983 1824 2012 1013 
984 721 2048 1841 
985 1592 2012 1824 
986 1592 1823 697 
987 390 2047 1583 
988 1592 1824 1823 
989 1591 1592 697 
990 943 2049 2045 
991 1684 2049 1289 
992 1824 2046 375 
993 697 1597 1591 
994 1596 2045 2044 
995 1778 2045 1684 
996 1583 1704 1009 
997 952 1595 1150 
998 756 1595 952 
999 1013 2046 1824 
1000 357 1597 697 
1001 355 1597 357 
1002 1572 1980 1603 
1003 355 1601 1597 
1004 1595 1596 1150 
1005 1597 1619 1591 
1006 1603 1980 1014 
1007 1572 1603 1600 
1008 353 1601 355 
1009 1601 1619 1597 
1010 1841 2048 1289 
1011 534 2043 1014 
1012 1077 1619 1612 
1013 1150 2044 1981 
1014 549 1598 491 
1015 1603 2043 793 
1016 549 1599 1598 
1017 1612 1619 692 
1018 1600 1603 793 
1019 1591 1619 1077 
1020 1596 2044 1150 
1021 793 2043 476 
1022 692 1619 1601 
1023 491 1598 477 
1024 1653 1818 1093 
1025 692 1601 359 
1026 1606 2037 1602 
1027 865 1811 1604 
1028 1651 1818 1653 
1029 1058 2037 1606 
1030 1252 2036 1745 
1031 1037 1818 1651 
1032 1604 1944 865 
1033 1605 1822 860 
1034 1651 1979 1037 
1035 805 1832 807 
1036 1289 2049 1841 
1037 1745 2036 1606 
1038 1652 2029 1036 
1039 809 2020 811 
1040 522 2042 2038 
1041 1645 2029 1652 
1042 1979 1990 1037 
1043 1014 2043 1603 
1044 437 1607 452 
1045 811 1674 813 
1046 811 2020 1674 
1047 1604 1980 1572 
1048 1652 1990 1979 
1049 1050 1793 1792 
1050 1811 1980 1604 
1051 859 1673 1672 
1052 1602 1607 435 
1053 1305 1958 1611 
1054 549 1616 1599 
1055 1611 1958 1610 
1056 1036 1990 1652 
1057 860 1832 1605 
1058 813 1674 859 
1059 435 1607 437 
1060 957 1664 1615 
1061 807 1832 860 
1062 1607 1608 452 
1063 865 1832 805 
1064 859 1674 1673 
1065 815 1983 817 
1066 1050 1792 1641 
1067 1610 1958 762 
1068 692 1627 1612 
1069 762 1686 1610 
1070 865 1944 1832 
1071 957 1615 1613 
1072 762 1735 1686 
1073 433 1602 435 
1074 860 2020 809 
1075 1613 1626 957 
1076 1040 1793 1042 
1077 1042 1793 1050 
1078 817 1983 1659 
1079 1822 2020 860 
1080 858 1658 1635 
1081 817 1659 819 
1082 858 1659 1658 
1083 1566 1944 1570 
1084 1686 1735 1687 
1085 1792 2029 1645 
1086 1672 1983 859 
1087 1606 2036 1058 
1088 1262 1626 1613 
1089 1296 1622 1297 
1090 1213 1727 1726 
1091 1641 2019 1050 
1092 819 1659 858 
1093 1635 1677 858 
1094 1676 1696 1296 
1095 1546 1812 1677 
1096 1622 1623 1297 
1097 1546 1677 1635 
1098 418 1621 358 
1099 1423 1623 1622 
1100 550 1616 549 
1101 559 1616 550 
1102 1608 2019 1641 
1103 1687 1735 655 
1104 1166 1679 1678 
1105 915 1678 862 
1106 1627 1850 1612 
1107 1086 1721 1719 
1108 859 1983 815 
1109 1093 2038 1653 
1110 1296 1696 1622 
1111 1086 1726 1721 
1112 1726 1727 1725 
1113 1062 1826 1261 
1114 1775 1850 1627 
1115 1602 2037 1607 
1116 1080 1975 1394 
1117 1721 1726 1725 
1118 1620 1900 1699 
1119 655 1689 1687 
1120 1633 1887 1829 
1121 1633 1636 946 
1122 1658 1659 1553 
1123 1264 1636 1633 
1124 1671 1927 1285 
1125 1689 1838 1263 
1126 1676 1915 712 
1127 1699 1900 1422 
1128 719 1637 706 
1129 1570 1944 1604 
1130 1608 1609 452 
1131 862 1678 926 
1132 918 1900 1620 
1133 1634 1759 832 
1134 844 1928 1760 
1135 1661 1920 1272 
1136 712 1696 1676 
1137 1167 1628 1169 
1138 1707 1987 1083 
1139 1213 1726 1085 
1140 1546 1826 1812 
1141 1605 1944 1566 
1142 931 1920 1661 
1143 1066 1915 1676 
1144 1300 1661 1631 
1145 1040 2016 1793 
1146 1004 1927 1671 
1147 1660 1663 1588 
1148 1829 1887 918 
1149 1666 1742 1733 
1150 1263 1903 1689 
1151 358 1621 356 
1152 695 1908 1779 
1153 1666 1942 1665 
1154 893 1637 719 
1155 856 1842 846 
1156 861 1978 1831 
1157 1012 1663 1660 
1158 1085 1726 1086 
1159 643 1879 640 
1160 901 1664 957 
1161 1638 1880 730 
1162 1719 1779 1086 
1163 1278 2015 2002 
1164 794 1850 1775 
1165 1166 1678 915 
1166 1262 1842 1626 
1167 1698 1799 583 
1168 738 1773 677 
1169 964 1632 1244 
1170 1857 1902 1118 
1171 1637 1858 706 
1172 991 1728 1242 
1173 990 1728 991 
1174 1264 1849 1636 
1175 931 1661 1300 
1176 871 1688 869 
1177 712 1843 1696 
1178 713 1902 1857 
1179 364 1627 692 
1180 704 1706 587 
1181 1079 1791 1081 
1182 1278 2002 1277 
1183 655 1838 1689 
1184 1665 1942 1065 
1185 1731 1908 695 
1186 1760 1928 1634 
1187 1755 1757 1756 
1188 1205 1992 906 
1189 946 1887 1633 
1190 1263 1838 1680 
1191 1149 1993 1712 
1192 1960 1969 1203 
1193 1873 1950 1663 
1194 1261 1826 1546 
1195 867 1755 1748 
1196 1006 1820 1785 
1197 711 1843 712 
1198 1776 1952 1851 
1199 1733 1942 1666 
1200 1120 1857 1118 
1201 1705 2004 1148 
1202 921 1773 738 
1203 1639 1859 850 
1204 832 1759 833 
1205 1062 1928 1826 
1206 533 1680 551 
1207 1419 2008 2001 
1208 405 1922 1888 
1209 890 1706 704 
1210 832 1760 1634 
1211 1620 1829 918 
1212 1311 1791 1079 
1213 1662 1771 642 
1214 1047 1869 1767 
1215 1214 1898 1796 
1216 1346 1907 1906 
1217 1654 1681 715 
1218 1092 1736 769 
1219 831 1670 830 
1220 976 1664 901 
1221 2038 2042 1653 
1222 703 1912 1897 
1223 1748 1755 1749 
1224 1893 1940 594 
1225 730 1773 1638 
1226 1635 1658 1548 
1227 677 1773 730 
1228 1888 1922 1788 
1229 594 1940 1836 
1230 1623 1624 1297 
1231 1550 1658 1553 
1232 675 1902 713 
1233 850 1831 1639 
1234 1538 1868 1717 
1235 1930 1957 705 
1236 1697 1799 1698 
1237 928 1996 1986 
1238 1466 1675 1069 
1239 1108 1984 1977 
1240 1148 2004 1762 
1241 1689 1903 1688 
1242 718 1849 1264 
1243 1044 1765 1691 
1244 1665 1909 794 
1245 1240 1676 1296 
1246 1786 1859 1703 
1247 794 1909 1850 
1248 957 1626 863 
1249 1861 1862 1489 
1250 1285 1927 936 
1251 1136 1704 1587 
1252 695 1779 1718 
1253 1131 1819 1126 
1254 1897 1912 1799 
1255 608 1732 1711 
1256 1140 1987 1707 
1257 1718 1779 1719 
1258 1633 1829 1265 
1259 1733 1742 1732 
1260 695 1718 674 
1261 1035 2016 1040 
1262 1831 1978 1639 
1263 730 1879 643 
1264 691 1778 690 
1265 720 1739 1092 
1266 1071 1697 1132 
1267 1728 1729 1242 
1268 1638 1640 1377 
1269 1847 2006 1924 
1270 1796 1898 1767 
1271 548 1717 498 
1272 528 1966 1923 
1273 625 1747 626 
1274 640 1879 642 
1275 659 1894 740 
1276 674 1718 736 
1277 707 1739 720 
1278 1626 1842 856 
1279 1640 1773 921 
1280 1774 1849 1087 
1281 1087 1925 1774 
1282 1712 1993 1111 
1283 1545 1635 1548 
1284 889 1950 1873 
1285 1015 1688 871 
1286 1638 1773 1640 
1287 532 1680 533 
1288 610 1732 608 
1289 749 1769 917 
1290 846 1842 845 
1291 1017 1759 1634 
1292 1031 1990 1036 
1293 1065 1909 1665 
1294 1202 1667 1206 
1295 1222 1655 1225 
1296 1758 1834 731 
1297 1028 1869 1026 
1298 1986 1996 1276 
1299 456 1867 445 
1300 1012 1873 1663 
1301 1697 1698 1132 
1302 1706 1957 1930 
1303 699 1865 600 
1304 1346 1906 1090 
1305 1655 1656 1225 
1306 1851 1952 1698 
1307 1737 1972 1911 
1308 572 1731 573 
1309 761 1654 715 
1310 1669 1961 1208 
1311 1691 1765 1332 
1312 731 1848 1758 
1313 1835 1847 1801 
1314 588 1997 1988 
1315 630 1746 628 
1316 797 1903 1263 
1317 827 1760 829 
1318 834 1670 831 
1319 1691 1766 1044 
1320 1608 1641 1609 
1321 1701 1747 696 
1322 1068 1697 1071 
1323 1971 2003 1219 
1324 1269 1917 1891 
1325 1008 1704 1136 
1326 395 1741 694 
1327 1124 1714 1131 
1328 1970 2004 1705 
1329 1752 1937 1934 
1330 1680 1838 551 
1331 867 1757 1755 
1332 1713 1730 1075 
1333 1330 1861 1489 
1334 1367 1730 1713 
1335 1695 1766 1692 
1336 498 1868 483 
1337 1717 1868 498 
1338 583 1851 1698 
1339 626 1747 629 
1340 714 1735 762 
1341 1636 1849 1774 
1342 445 1867 447 
1343 1088 1771 1089 
1344 1089 1771 1662 
1345 1896 1947 1117 
1346 1714 1715 1131 
1347 1211 1880 1638 
1348 1552 1672 1555 
1349 1659 1983 1553 
1350 1561 1822 1564 
1351 821 1677 823 
1352 917 1769 993 
1353 1078 1895 948 
1354 1564 1822 1605 
1355 687 1681 791 
1356 1846 1926 542 
1357 657 1825 733 
1358 1148 1762 1082 
1359 1542 1857 1120 
1360 850 1859 1786 
1361 1141 1276 893 
1362 1121 1885 1877 
1363 1743 1833 392 
1364 486 1761 527 
1365 528 1923 489 
1366 690 1778 766 
1367 1737 1911 769 
1368 833 1759 836 
1369 1826 1928 844 
1370 1780 1837 861 
1371 933 1763 1288 
1372 2022 2023 965 
1373 1165 1830 1074 
1374 1707 1881 1140 
1375 654 1735 714 
1376 694 1741 1581 
1377 810 1780 808 
1378 1091 1880 1211 
1379 1765 1805 1332 
1380 1801 1847 1744 
1381 1736 1737 769 
1382 913 1485 1278 
1383 1081 1738 1737 
1384 1761 1889 527 
1385 544 1851 583 
1386 696 1747 625 
1387 715 1681 687 
1388 769 1911 768 
1389 848 1703 870 
1390 875 1685 965 
1391 1106 1808 1109 
1392 1692 1766 1691 
1393 1762 1889 1761 
1394 1837 1978 861 
1395 416 1743 392 
1396 573 1731 604 
1397 1538 1717 879 
1398 1956 1965 923 
1399 926 1678 1229 
1400 967 1714 1124 
1401 1553 1983 1672 
1402 1006 1785 367 
1403 755 1814 397 
1404 542 1926 493 
1405 630 1777 1746 
1406 1856 1894 659 
1407 826 1904 824 
1408 844 1760 827 
1409 1881 1946 883 
1410 1746 1985 889 
1411 906 1992 1690 
1412 1686 1687 1015 
1413 1083 1987 1148 
1414 1126 1819 1128 
1415 1209 1669 1208 
1416 1268 1894 1690 
1417 1548 1658 1550 
1418 1672 1673 1555 
1419 1732 1742 1711 
1420 1934 1937 1781 
1421 402 1809 405 
1422 700 1702 753 
1423 1767 1869 1766 
1424 628 1746 658 
1425 759 1701 696 
1426 1758 1848 1713 
1427 1825 2007 1875 
1428 1100 1708 1108 
1429 1809 1922 405 
1430 740 1894 1268 
1431 1702 1705 753 
1432 969 1141 893 
1433 1877 1885 1046 
1434 1073 1834 1758 
1435 1092 1895 1736 
1436 467 1743 416 
1437 1768 1769 749 
1438 1041 1860 1046 
1439 1330 1489 1488 
1440 1332 1805 1056 
1441 1075 1758 1713 
1442 577 1798 603 
1443 817 818 816 
1444 833 834 831 
1445 989 1921 919 
1446 1168 1364 1167 
1447 1774 1925 1281 
1448 1742 1833 1743 
1449 1893 1974 1892 
1450 485 1761 486 
1451 558 1798 577 
1452 569 587 570 
1453 712 1915 650 
1454 656 1825 657 
1455 1276 1637 893 
1456 1419 1921 989 
1457 1767 1898 1047 
1458 1796 1899 1214 
1459 1673 1674 1562 
1460 1845 2003 1971 
1461 414 1800 457 
1462 935 1270 593 
1463 919 1921 763 
1464 900 1262 985 
1465 1128 1362 1361 
1466 1763 1764 1288 
1467 1701 1949 1747 
1468 1790 1969 1960 
1469 397 1814 398 
1470 638 1772 636 
1471 641 1770 644 
1472 642 1879 1662 
1473 730 1880 1879 
1474 1014 1839 796 
1475 862 926 925 
1476 870 982 980 
1477 870 1703 982 
1478 1335 1664 976 
1479 1046 1860 1783 
1480 1382 1586 1139 
1481 1557 1673 1562 
1482 878 1083 1082 
1483 882 1772 1683 
1484 1240 1296 1295 
1485 1559 1671 1285 
1486 731 1834 415 
1487 808 1780 861 
1488 1069 1675 975 
1489 1734 1942 1733 
1490 391 1741 395 
1491 881 1813 468 
1492 574 1717 548 
1493 602 1790 601 
1494 603 1087 647 
1495 710 711 650 
1496 711 712 650 
1497 665 1815 1133 
1498 718 1264 789 
1499 720 1092 769 
1500 875 964 906 
1501 946 1636 951 
1502 958 1862 1861 
1503 1016 1686 1015 
1504 1017 1059 1018 
1505 1020 1782 1023 
1506 1025 1818 1027 
1507 1081 1737 1736 
1508 1798 1925 1087 
1509 1109 1808 1256 
1510 1265 1829 1267 
1511 1655 1709 1656 
1512 1666 1833 1742 
1513 875 965 964 
1514 1145 1166 915 
1515 1044 1869 1028 
1516 900 1842 1262 
1517 367 1785 373 
1518 1019 1731 572 
1519 586 655 654 
1520 669 1768 749 
1521 736 782 737 
1522 939 940 792 
1523 796 1839 798 
1524 1537 1538 879 
1525 937 1794 1007 
1526 941 1011 942 
1527 969 1320 1318 
1528 1067 1068 975 
1529 1163 1413 990 
1530 1535 1806 1253 
1531 1267 1365 1347 
1532 1739 2004 1970 
1533 569 570 555 
1534 573 575 574 
1535 879 1717 574 
1536 736 1718 783 
1537 907 908 892 
1538 990 991 908 
1539 1023 1025 1024 
1540 1093 1818 1025 
1541 1026 1869 1047 
1542 1107 1112 1105 
1543 1242 1381 1241 
1544 1637 2011 1858 
1545 1047 1898 1827 
1546 1383 1539 1120 
1547 1128 1819 1362 
1548 1145 1374 1166 
1549 1802 1803 1153 
1550 1234 1423 1235 
1551 1696 1843 1235 
1552 1272 1920 1701 
1553 1620 1699 1365 
1554 708 1797 376 
1555 461 463 416 
1556 473 474 458 
1557 478 1835 461 
1558 463 480 467 
1559 795 1680 532 
1560 544 583 554 
1561 558 576 557 
1562 656 657 600 
1563 611 632 613 
1564 621 1856 623 
1565 1910 1962 631 
1566 662 663 634 
1567 644 1770 691 
1568 655 1735 654 
1569 658 889 888 
1570 659 740 696 
1571 764 765 711 
1572 961 999 761 
1573 799 1903 797 
1574 1677 1812 823 
1575 868 901 863 
1576 933 1288 1287 
1577 964 1244 1205 
1578 1243 1335 976 
1579 1124 1126 1125 
1580 1127 1852 1125 
1581 1129 1936 1201 
1582 1163 1414 1413 
1583 2001 2008 1163 
1584 1221 1821 1657 
1585 1273 1661 1272 
1586 1416 1631 1273 
1587 1304 1493 1492 
1588 1425 1481 1385 
1589 1703 1859 1387 
1590 1438 1440 1439 
1591 1545 1548 1547 
1592 623 1856 659 
1593 635 1787 950 
1594 645 1916 646 
1595 825 844 827 
1596 934 1329 992 
1597 974 1400 989 
1598 1377 1409 1376 
1599 1814 1964 401 
1600 437 438 436 
1601 488 1787 635 
1602 1545 1547 1544 
1603 794 1775 385 
1604 395 396 394 
1605 405 406 404 
1606 1074 1830 409 
1607 413 1864 470 
1608 463 1835 1801 
1609 470 1787 488 
1610 882 1776 535 
1611 627 1872 624 
1612 754 1770 641 
1613 766 939 792 
1614 913 1278 1277 
1615 939 1289 1010 
1616 1010 1589 1155 
1617 1066 1676 1240 
1618 1080 1394 1311 
1619 1095 1964 1814 
1620 1708 1892 1108 
1621 1716 1819 1131 
1622 1642 1792 1645 
1623 1651 1653 1650 
1624 447 1866 449 
1625 468 472 464 
1626 551 1838 586 
1627 876 1966 582 
1628 884 1732 610 
1629 709 1782 1020 
1630 709 1901 1782 
1631 992 1118 785 
1632 1007 1794 1580 
1633 1687 1688 1015 
1634 1047 1827 1024 
1635 1119 1120 1118 
1636 1148 1987 1705 
1637 1240 1295 1294 
1638 586 1838 655 
1639 985 1763 933 
1640 1400 1418 989 
1641 1009 1704 1008 
1642 1136 1587 1275 
1643 1561 1564 1563 
1644 368 1775 1627 
1645 388 794 385 
1646 387 392 386 
1647 387 408 392 
1648 408 416 392 
1649 608 1711 482 
1650 613 614 612 
1651 872 1855 616 
1652 647 1849 718 
1653 1272 1701 759 
1654 835 1914 837 
1655 845 849 842 
1656 853 915 862 
1657 901 957 863 
1658 1271 1855 872 
1659 1844 1845 886 
1660 926 1229 1162 
1661 1269 1890 956 
1662 1348 1714 967 
1663 980 1945 981 
1664 993 998 987 
1665 1124 1125 1123 
1666 1216 1217 1209 
1667 1221 1657 1655 
1668 1389 1859 1639 
1669 1695 1767 1766 
1670 1719 1721 1720 
1671 1749 1753 1751 
1672 376 1797 381 
1673 398 1814 401 
1674 414 415 412 
1675 413 470 417 
1676 447 1867 1866 
1677 637 638 636 
1678 636 1772 882 
1679 647 718 717 
1680 737 1902 675 
1681 1140 1865 699 
1682 749 917 916 
1683 880 1889 1762 
1684 908 1876 892 
1685 917 993 987 
1686 1025 1026 1024 
1687 1030 1765 1044 
1688 1031 1036 1033 
1689 1091 1210 1090 
1690 1241 1828 1122 
1691 1126 1127 1125 
1692 1155 1444 1309 
1693 1201 1667 1202 
1694 1540 1559 1285 
1695 1550 1552 1551 
1696 447 449 448 
1697 674 675 605 
1698 763 891 890 
1699 801 1839 1811 
1700 809 811 810 
1701 824 1904 896 
1702 836 840 839 
1703 926 1162 1160 
1704 939 1684 1289 
1705 1020 1023 1022 
1706 1051 1805 1034 
1707 1071 1088 1072 
1708 1143 1981 1976 
1709 386 388 385 
1710 402 405 404 
1711 411 412 410 
1712 417 1800 414 
1713 878 1082 485 
1714 544 545 526 
1715 527 552 528 
1716 541 701 558 
1717 554 555 545 
1718 551 556 550 
1719 576 588 557 
1720 568 593 591 
1721 580 706 579 
1722 603 647 645 
1723 669 749 748 
1724 784 785 737 
1725 747 922 746 
1726 946 951 767 
1727 787 1941 966 
1728 825 826 824 
1729 848 1786 1703 
1730 878 1896 1117 
1731 920 1067 975 
1732 923 1168 1167 
1733 928 1802 927 
1734 1787 1788 950 
1735 951 1281 1280 
1736 974 1675 1400 
1737 1008 1136 1135 
1738 1232 1233 1016 
1739 1067 1897 1799 
1740 1100 1108 1102 
1741 1254 1255 1110 
1742 1115 1116 1114 
1743 1140 1881 1865 
1744 1151 1592 1591 
1745 1215 1324 1216 
1746 1222 1225 1224 
1747 1233 1611 1610 
1748 1419 2001 1921 
1749 1427 1428 1426 
1750 1884 1942 1734 
1751 438 466 436 
1752 443 456 445 
1753 450 475 448 
1754 450 1740 475 
1755 947 1835 478 
1756 481 497 483 
1757 1858 2011 606 
1758 659 696 625 
1759 760 761 715 
1760 819 820 818 
1761 870 871 869 
1762 956 1890 971 
1763 1096 1097 994 
1764 1045 1085 1084 
1765 1331 1332 1056 
1766 1102 1103 1101 
1767 1103 1500 1101 
1768 1104 1111 1106 
1769 1106 1107 1105 
1770 1552 1555 1554 
1771 365 1823 375 
1772 369 370 366 
1773 373 378 374 
1774 401 1809 402 
1775 408 461 416 
1776 457 458 415 
1777 458 731 415 
1778 463 467 416 
1779 443 445 444 
1780 449 453 450 
1781 453 455 450 
1782 479 494 493 
1783 480 523 499 
1784 499 529 482 
1785 483 1868 484 
1786 486 489 487 
1787 492 525 524 
1788 494 543 542 
1789 494 1807 594 
1790 552 553 528 
1791 533 551 550 
1792 543 568 567 
1793 572 573 548 
1794 579 581 553 
1795 586 653 556 
1796 568 591 567 
1797 580 707 706 
1798 580 880 707 
1799 586 654 653 
1800 702 767 592 
1801 698 935 593 
1802 646 1790 602 
1803 675 713 605 
1804 611 612 610 
1805 616 618 617 
1806 654 714 687 
1807 669 748 702 
1808 707 720 719 
1809 782 784 737 
1810 944 1884 751 
1811 752 1286 945 
1812 999 1654 761 
1813 798 800 799 
1814 807 808 806 
1815 807 809 808 
1816 809 810 808 
1817 811 812 810 
1818 813 814 812 
1819 813 859 815 
1820 815 816 814 
1821 820 867 818 
1822 821 822 820 
1823 823 824 822 
1824 836 839 838 
1825 849 1953 842 
1826 843 846 845 
1827 845 1842 900 
1828 854 855 846 
1829 933 1287 849 
1830 1748 1749 866 
1831 873 1685 875 
1832 906 1690 874 
1833 1066 1239 877 
1834 917 986 916 
1835 994 1250 935 
1836 1284 1285 936 
1837 1063 1065 944 
1838 960 1304 961 
1839 966 1348 967 
1840 977 1258 1257 
1841 1371 1763 985 
1842 1042 1043 1041 
1843 1055 1056 1051 
1844 1064 1151 1077 
1845 1068 1071 1070 
1846 1075 1164 1074 
1847 1099 1497 1097 
1848 1098 1100 1099 
1849 1098 1708 1100 
1850 1100 1102 1101 
1851 1111 1808 1106 
1852 1367 1713 1116 
1853 1124 1131 1126 
1854 1129 1130 1127 
1855 1201 1202 1130 
1856 1215 1216 1209 
1857 1253 1806 1254 
1858 1262 1613 1363 
1859 1296 1297 1295 
1860 1330 1487 1329 
1861 1362 1425 1385 
1862 1387 1859 1389 
1863 1550 1553 1552 
1864 1555 1673 1557 
1865 1557 1562 1561 
1866 1564 1565 1563 
1867 1613 1615 1614 
1868 1708 1940 1893 
1869 1749 1751 1750 
1870 381 1797 407 
1871 391 395 394 
1872 470 471 417 
1873 462 479 478 
1874 470 1864 1787 
1875 885 1807 479 
1876 535 1776 492 
1877 594 1836 543 
1878 544 554 545 
1879 552 580 579 
1880 554 569 555 
1881 571 1810 555 
1882 886 1919 609 
1883 616 1855 618 
1884 618 621 620 
1885 635 950 637 
1886 825 1812 844 
1887 837 851 834 
1888 853 1144 915 
1889 854 936 855 
1890 874 1690 1271 
1891 882 1952 1776 
1892 1283 1284 936 
1893 947 2006 1847 
1894 977 1243 976 
1895 1024 1827 1022 
1896 1067 1697 1068 
1897 1226 1466 1069 
1898 1136 1275 1274 
1899 1803 1804 1153 
1900 1218 1221 1220 
1901 1221 1655 1222 
1902 1588 1663 1275 
1903 1642 1645 1644 
1904 1687 1689 1688 
1905 1864 1888 1788 
1906 387 1883 1874 
1907 447 448 446 
1908 1711 1743 467 
1909 483 484 472 
1910 533 550 549 
1911 534 796 795 
1912 541 557 540 
1913 575 598 574 
1914 617 1954 1932 
1915 628 658 627 
1916 658 888 887 
1917 709 1020 1019 
1918 720 769 768 
1919 1884 1954 751 
1920 960 961 761 
1921 1280 1846 767 
1922 848 869 799 
1923 802 1786 800 
1924 817 819 818 
1925 867 1748 818 
1926 825 827 826 
1927 827 829 828 
1928 829 831 830 
1929 845 900 849 
1930 854 1283 936 
1931 857 863 856 
1932 943 1794 937 
1933 1065 1884 944 
1934 945 1064 1063 
1935 951 1774 1281 
1936 966 1941 1349 
1937 971 1415 1273 
1938 1027 1818 1037 
1939 1031 1032 1030 
1940 1328 1331 1056 
1941 1064 1077 1076 
1942 1852 1935 1125 
1943 1202 1203 1130 
1944 1207 1208 1204 
1945 1387 1389 1388 
1946 1493 1494 1492 
1947 1751 1752 1750 
1948 391 393 384 
1949 395 694 397 
1950 401 402 400 
1951 402 403 400 
1952 406 409 404 
1953 1609 2021 452 
1954 488 492 471 
1955 489 495 487 
1956 492 1776 525 
1957 527 1889 552 
1958 570 571 555 
1959 571 1865 1810 
1960 595 607 582 
1961 604 1731 695 
1962 607 877 876 
1963 607 1915 1066 
1964 615 872 616 
1965 631 751 619 
1966 640 642 638 
1967 639 641 640 
1968 641 643 640 
1969 734 745 661 
1970 733 948 700 
1971 880 1739 707 
1972 1816 1848 731 
1973 736 783 782 
1974 752 944 751 
1975 952 1095 755 
1976 766 1778 1684 
1977 796 797 795 
1978 800 1786 848 
1979 847 1780 810 
1980 835 837 834 
1981 883 1946 1817 
1982 891 907 892 
1983 907 990 908 
1984 1122 1876 908 
1985 927 1153 929 
1986 1234 1235 930 
1987 939 1010 940 
1988 945 1063 944 
1989 982 1386 1306 
1990 1007 1009 1008 
1991 1025 1027 1026 
1992 1027 1028 1026 
1993 1029 1031 1030 
1994 1031 1033 1032 
1995 1043 1860 1041 
1996 1049 1054 1053 
1997 1056 1805 1051 
1998 1071 1132 1088 
1999 1088 1089 1072 
2000 1164 1165 1074 
2001 1210 1346 1090 
2002 1138 1139 1134 
2003 1379 1382 1139 
2004 1267 1620 1365 
2005 1389 1427 1426 
2006 1557 1560 1556 
2007 1561 1563 1560 
2008 1570 1571 1569 
2009 1642 1643 1609 
2010 1787 1864 1788 
2011 1875 2007 1975 
2012 381 383 382 
2013 437 452 439 
2014 486 487 474 
2015 600 1865 571 
2016 709 1019 572 
2017 657 699 600 
2018 607 1066 877 
2019 633 661 634 
2020 658 1746 889 
2021 740 759 696 
2022 948 1702 700 
2023 796 798 797 
2024 798 1839 801 
2025 829 1760 832 
2026 853 862 852 
2027 1259 1537 879 
2028 992 1119 1118 
2029 1020 1021 1019 
2030 1023 1093 1025 
2031 1042 1048 1043 
2032 1049 1053 1043 
2033 1048 1058 1049 
2034 1052 1055 1051 
2035 1054 1237 1053 
2036 1237 1238 1053 
2037 1237 1451 1238 
2038 1555 1556 1554 
2039 1648 1649 1647 
2040 1976 1981 1770 
2041 371 372 370 
2042 1263 1680 795 
2043 875 906 874 
2044 1845 2009 886 
2045 1020 1022 1021 
2046 1415 1416 1273 
2047 1564 1605 1566 
2048 1641 1642 1609 
2049 1645 1646 1644 
2050 1721 1725 1722 
2051 371 708 376 
2052 373 1785 521 
2053 385 1775 374 
2054 521 1137 378 
2055 383 384 382 
2056 382 1840 725 
2057 391 394 393 
2058 398 399 396 
2059 482 1711 467 
2060 479 1807 494 
2061 529 608 482 
2062 1082 1761 485 
2063 599 705 656 
2064 618 620 619 
2065 623 659 625 
2066 626 629 628 
2067 634 1777 630 
2068 662 1815 665 
2069 694 756 755 
2070 714 760 715 
2071 971 1272 759 
2072 760 960 761 
2073 927 929 765 
2074 1719 1720 783 
2075 803 865 805 
2076 811 813 812 
2077 813 815 814 
2078 819 821 820 
2079 838 1914 835 
2080 837 852 851 
2081 847 1781 1780 
2082 894 1282 887 
2083 889 1985 1950 
2084 1279 1706 890 
2085 902 977 976 
2086 931 1300 932 
2087 937 1007 938 
2088 1010 1155 940 
2089 945 1853 1064 
2090 977 1257 1243 
2091 1055 1328 1056 
2092 1151 1591 1077 
2093 1104 1106 1105 
2094 1109 1253 1110 
2095 1149 1712 1142 
2096 1892 1974 1146 
2097 1820 1993 1149 
2098 1152 1467 1234 
2099 1222 1224 1223 
2100 1423 1622 1235 
2101 1254 1503 1255 
2102 1256 1808 1585 
2103 1276 2011 1637 
2104 1389 1639 1427 
2105 1555 1557 1556 
2106 1557 1561 1560 
2107 1572 1600 1571 
2108 374 1775 368 
2109 395 397 396 
2110 481 483 472 
2111 497 498 483 
2112 547 548 498 
2113 521 1142 1137 
2114 598 1259 879 
2115 665 721 666 
2116 736 737 675 
2117 956 971 759 
2118 1011 1013 942 
2119 949 1080 1079 
2120 952 1143 1095 
2121 1019 1908 1731 
2122 1022 1045 1021 
2123 1027 1029 1028 
2124 1034 1805 1032 
2125 1038 1051 1034 
2126 1035 1040 1039 
2127 1783 1877 1046 
2128 1090 1906 1072 
2129 1081 1736 1078 
2130 1132 1683 1088 
2131 1284 1540 1285 
2132 1330 1488 1487 
2133 1377 1640 1410 
2134 1452 1784 1783 
2135 1641 1792 1642 
2136 1781 1837 1780 
2137 361 365 362 
2138 387 1874 408 
2139 398 400 399 
2140 410 1834 1073 
2141 414 457 415 
2142 435 437 436 
2143 462 885 479 
2144 473 485 474 
2145 486 527 489 
2146 525 526 524 
2147 541 1744 701 
2148 552 579 553 
2149 570 599 571 
2150 577 601 576 
2151 607 876 582 
2152 1270 1768 593 
2153 626 628 627 
2154 663 1777 634 
2155 705 746 656 
2156 753 1140 699 
2157 702 946 767 
2158 763 890 704 
2159 707 719 706 
2160 710 764 711 
2161 720 768 719 
2162 733 949 948 
2163 740 1268 956 
2164 768 969 893 
2165 797 1263 795 
2166 800 848 799 
2167 804 850 802 
2168 850 1786 802 
2169 858 1677 821 
2170 851 1670 834 
2171 855 856 846 
2172 867 1871 1757 
2173 891 892 890 
2174 920 975 974 
2175 983 1795 1247 
2176 1022 1827 1045 
2177 1033 1034 1032 
2178 1035 1038 1034 
2179 1038 1052 1051 
2180 1048 1049 1043 
2181 1045 1094 1085 
2182 1068 1070 1069 
2183 1109 1256 1253 
2184 1342 1343 1113 
2185 1218 1219 1217 
2186 1505 1506 1255 
2187 1256 1584 1535 
2188 1693 1694 1692 
2189 1707 1946 1881 
2190 1876 1965 1956 
2191 361 1823 365 
2192 365 369 366 
2193 365 375 369 
2194 369 371 370 
2195 371 376 372 
2196 376 377 372 
2197 373 521 378 
2198 378 379 374 
2199 379 385 374 
2200 382 725 377 
2201 394 722 393 
2202 722 1113 393 
2203 404 1830 403 
2204 406 411 410 
2205 1073 1074 409 
2206 444 469 442 
2207 449 454 453 
2208 449 1866 454 
2209 455 1740 450 
2210 468 481 472 
2211 470 488 471 
2212 481 522 497 
2213 545 883 526 
2214 635 636 535 
2215 569 703 587 
2216 599 600 571 
2217 598 879 574 
2218 604 695 674 
2219 612 884 610 
2220 658 887 627 
2221 629 633 630 
2222 661 662 634 
2223 703 732 704 
2224 768 893 719 
2225 1133 1134 721 
2226 722 1342 1113 
2227 732 919 763 
2228 756 952 755 
2229 1095 1814 755 
2230 903 1904 826 
2231 843 845 842 
2232 980 981 871 
2233 892 1279 890 
2234 892 1876 1279 
2235 900 985 933 
2236 934 1330 1329 
2237 941 1873 1012 
2238 949 1078 948 
2239 1789 1951 950 
2240 1304 1492 961 
2241 969 1318 1141 
2242 975 1675 974 
2243 1068 1069 975 
2244 982 1387 1386 
2245 982 1703 1387 
2246 1413 1728 990 
2247 1012 1660 1590 
2248 1027 1037 1029 
2249 1032 1805 1765 
2250 1040 1042 1041 
2251 1052 1057 1055 
2252 1054 1252 1251 
2253 1075 1730 1164 
2254 1082 1762 1761 
2255 1119 1383 1120 
2256 1126 1128 1127 
2257 1130 1852 1127 
2258 1364 1628 1167 
2259 1211 1376 1210 
2260 1218 1821 1221 
2261 1244 1450 1446 
2262 1256 1585 1584 
2263 1264 1633 1265 
2264 1587 1588 1275 
2265 1663 1950 1275 
2266 1436 1438 1437 
2267 1440 1442 1441 
2268 1548 1550 1549 
2269 1920 1949 1701 
2270 390 1741 391 
2271 441 443 442 
2272 1706 1930 587 
2273 621 623 622 
2274 623 625 624 
2275 937 938 667 
2276 1265 1266 789 
2277 927 1802 1153 
2278 1363 1371 985 
2279 1233 1610 1016 
2280 1040 1041 1039 
2281 1133 1138 1134 
2282 1206 1207 1204 
2283 1267 1347 1266 
2284 1556 1574 1554 
2285 1742 1743 1711 
2286 361 362 358 
2287 376 381 377 
2288 381 382 377 
2289 379 387 386 
2290 694 755 397 
2291 411 413 412 
2292 413 417 414 
2293 462 478 461 
2294 461 1835 463 
2295 463 1801 480 
2296 479 493 478 
2297 494 542 493 
2298 521 1785 1149 
2299 529 1844 886 
2300 636 882 535 
2301 551 586 556 
2302 558 577 576 
2303 701 1798 558 
2304 577 602 601 
2305 591 669 592 
2306 767 1846 592 
2307 603 645 602 
2308 603 1798 1087 
2309 621 622 620 
2310 887 1872 627 
2311 629 630 628 
2312 698 1096 994 
2313 749 916 748 
2314 766 1684 939 
2315 951 1280 767 
2316 806 1831 804 
2317 808 861 806 
2318 812 847 810 
2319 816 866 814 
2320 819 858 821 
2321 824 896 822 
2322 840 841 839 
2323 840 1759 1017 
2324 1812 1826 844 
2325 983 1247 909 
2326 1155 1309 940 
2327 982 1306 980 
2328 1422 1900 986 
2329 1017 1634 1059 
2330 1060 1061 1018 
2331 1054 1251 1237 
2332 1836 1940 1096 
2333 1102 1104 1103 
2334 1136 1274 1135 
2335 1160 1435 1161 
2336 1249 1480 1162 
2337 1207 1209 1208 
2338 1216 1218 1217 
2339 1221 1222 1220 
2340 1225 2023 2022 
2341 1256 1535 1253 
2342 1254 1504 1503 
2343 1259 1567 1537 
2344 1270 1769 1768 
2345 1690 1894 1271 
2346 1550 1551 1549 
2347 1562 1822 1561 
2348 1753 1754 1751 
2349 1937 1939 1929 
2350 372 380 370 
2351 383 390 384 
2352 392 1833 386 
2353 454 881 468 
2354 468 1813 481 
2355 493 947 478 
2356 633 634 630 
2357 662 665 664 
2358 698 994 935 
2359 765 1843 711 
2360 766 792 738 
2361 929 930 765 
2362 934 992 785 
2363 821 823 822 
2364 833 836 835 
2365 862 925 852 
2366 857 868 863 
2367 870 980 871 
2368 884 1734 1733 
2369 888 894 887 
2370 888 941 894 
2371 1007 1008 938 
2372 1286 1853 945 
2373 1268 1269 956 
2374 971 1273 1272 
2375 1032 1765 1030 
2376 1046 1885 1039 
2377 1766 1869 1044 
2378 1098 1099 1097 
2379 1109 1110 1107 
2380 1253 1254 1110 
2381 1111 1977 1712 
2382 1785 1820 1149 
2383 1232 1360 1233 
2384 1451 1452 1238 
2385 1452 1783 1238 
2386 1271 1856 1855 
2387 1485 1486 1278 
2388 1282 1962 1910 
2389 1333 1693 1692 
2390 1548 1549 1547 
2391 1585 1993 1820 
2392 1642 1644 1643 
2393 1645 1652 1646 
2394 1646 1648 1647 
2395 1789 1982 1951 
2396 1844 1943 1845 
2397 2005 2012 1853 
2398 362 418 358 
2399 398 401 400 
2400 437 439 438 
2401 439 441 440 
2402 1114 1816 487 
2403 533 549 491 
2404 529 609 608 
2405 534 1014 796 
2406 604 605 575 
2407 606 650 595 
2408 1855 1856 621 
2409 1152 1234 930 
2410 1033 1035 1034 
2411 1073 1075 1074 
2412 1085 1086 1084 
2413 1739 1970 1092 
2414 1738 1972 1737 
2415 1784 1877 1783 
2416 402 404 403 
2417 409 1830 404 
2418 439 440 438 
2419 443 444 442 
2420 488 635 535 
2421 573 574 548 
2422 556 559 550 
2423 664 1918 663 
2424 666 667 664 
2425 666 895 667 
2426 764 927 765 
2427 801 1811 803 
2428 805 807 806 
2429 848 870 869 
2430 941 942 894 
2431 1023 1024 1022 
2432 1023 1782 1093 
2433 1029 1030 1028 
2434 1035 1039 1038 
2435 1073 1758 1075 
2436 1089 1091 1090 
2437 1094 1214 1213 
2438 1104 1105 1103 
2439 1783 1860 1238 
2440 1333 1691 1332 
2441 1377 1410 1409 
2442 1566 1570 1569 
2443 1646 1647 1644 
2444 697 1823 361 
2445 373 374 368 
2446 379 386 385 
2447 497 547 498 
2448 499 1844 529 
2449 547 572 548 
2450 669 702 592 
2451 1807 1893 594 
2452 604 674 605 
2453 609 1919 611 
2454 611 613 612 
2455 613 615 614 
2456 632 1886 613 
2457 616 617 614 
2458 618 619 617 
2459 618 1855 621 
2460 631 752 751 
2461 644 691 690 
2462 787 788 717 
2463 792 921 738 
2464 752 945 944 
2465 966 967 788 
2466 798 799 797 
2467 866 1870 814 
2468 823 825 824 
2469 832 833 831 
2470 837 853 852 
2471 840 1017 864 
2472 863 1626 856 
2473 873 875 874 
2474 884 1733 1732 
2475 910 984 983 
2476 1262 1363 985 
2477 1041 1046 1039 
2478 1052 1121 1057 
2479 1062 1260 1060 
2480 1062 1261 1260 
2481 1064 1076 1063 
2482 1063 1909 1065 
2483 1077 1612 1076 
2484 1081 1791 1738 
2485 1715 1716 1131 
2486 1202 1206 1204 
2487 1222 1223 1220 
2488 1261 1544 1260 
2489 1269 1891 1890 
2490 1284 1541 1540 
2491 1333 1692 1691 
2492 1362 1385 1361 
2493 1427 1429 1428 
2494 1440 1441 1439 
2495 1546 1635 1545 
2496 1565 1575 1563 
2497 1564 1566 1565 
2498 1694 1695 1692 
2499 1977 1984 1712 
2500 1749 1755 1753 
2501 367 373 368 
2502 1823 1824 375 
2503 381 407 383 
2504 410 1073 409 
2505 458 1816 731 
2506 485 486 474 
2507 527 528 489 
2508 534 795 532 
2509 581 595 582 
2510 590 1745 1606 
2511 609 611 610 
2512 639 640 638 
2513 746 1825 656 
2514 657 700 699 
2515 798 801 800 
2516 801 803 802 
2517 807 860 809 
2518 873 874 872 
2519 920 1897 1067 
2520 929 1152 930 
2521 984 1334 983 
2522 1007 1580 1009 
2523 1042 1050 1048 
2524 1076 1909 1063 
2525 1066 1240 1239 
2526 1072 1906 1070 
2527 1106 1109 1107 
2528 1318 1319 1141 
2529 1164 1396 1165 
2530 1570 1604 1572 
2531 547 709 572 
2532 895 937 667 
2533 931 932 745 
2534 1334 1795 983 
2535 1610 1686 1016 
2536 1238 1860 1053 
2537 1570 1572 1571 
2538 368 1627 364 
2539 386 1833 388 
2540 521 1149 1142 
2541 633 734 661 
2542 639 754 641 
2543 665 666 664 
2544 665 1133 721 
2545 1264 1265 789 
2546 803 805 804 
2547 815 817 816 
2548 900 933 849 
2549 1749 1750 866 
2550 1688 1903 869 
2551 873 1886 1685 
2552 917 987 986 
2553 960 1305 1304 
2554 1030 1044 1028 
2555 1683 1771 1088 
2556 1361 1936 1129 
2557 1229 1249 1162 
2558 1244 1446 1205 
2559 1254 1806 1504 
2560 1265 1267 1266 
2561 1295 1314 1294 
2562 1319 1995 1994 
2563 1331 1333 1332 
2564 1648 1650 1649 
2565 1648 1651 1650 
2566 725 1854 377 
2567 397 398 396 
2568 406 410 409 
2569 413 414 412 
2570 457 473 458 
2571 495 1114 487 
2572 540 1844 499 
2573 543 1836 568 
2574 591 592 567 
2575 569 1912 703 
2576 581 606 595 
2577 599 656 600 
2578 606 710 650 
2579 631 1962 752 
2580 644 690 677 
2581 1087 1849 647 
2582 657 733 700 
2583 690 766 738 
2584 732 920 919 
2585 857 1004 868 
2586 1277 1966 876 
2587 895 943 937 
2588 923 1167 922 
2589 1008 1135 938 
2590 949 1079 1078 
2591 1788 1789 950 
2592 981 1016 1015 
2593 1064 1853 1151 
2594 1071 1072 1070 
2595 1070 1906 1226 
2596 1736 1895 1078 
2597 1083 1148 1082 
2598 1091 1211 1210 
2599 1827 1898 1094 
2600 1143 1147 1095 
2601 1114 1848 1816 
2602 1366 1367 1116 
2603 1128 1129 1127 
2604 1129 1201 1130 
2605 1203 1852 1130 
2606 1133 1913 1138 
2607 1219 1988 1217 
2608 1506 1863 1255 
2609 1541 1568 1540 
2610 1553 1672 1552 
2611 1734 1954 1884 
2612 1752 1934 1750 
2613 393 1840 384 
2614 445 447 446 
2615 454 464 453 
2616 481 1813 522 
2617 1045 1084 1021 
2618 1486 2015 1278 
2619 357 361 358 
2620 365 366 362 
2621 372 1854 380 
2622 388 1665 794 
2623 388 1833 1666 
2624 1776 1851 525 
2625 592 1846 567 
2626 573 604 575 
2627 647 717 645 
2628 654 687 653 
2629 674 736 675 
2630 718 787 717 
2631 718 789 787 
2632 1718 1719 783 
2633 787 966 788 
2634 967 1123 788 
2635 861 1831 806 
2636 829 830 828 
2637 840 864 841 
2638 1017 1018 864 
2639 910 1323 984 
2640 1161 2013 925 
2641 1636 1774 951 
2642 1012 1590 1011 
2643 1026 1047 1024 
2644 1053 1860 1043 
2645 1052 1885 1121 
2646 1086 1779 1084 
2647 1779 1908 1084 
2648 1094 1213 1085 
2649 1110 1863 1107 
2650 1107 1863 1112 
2651 1255 1863 1110 
2652 1142 1146 1137 
2653 1201 1936 1668 
2654 1202 1204 1203 
2655 1622 1696 1235 
2656 1503 1505 1255 
2657 1271 1894 1856 
2658 1277 2002 1923 
2659 1280 1926 1846 
2660 1549 1573 1547 
2661 1781 1937 1929 
2662 1800 1947 1896 
2663 379 1883 387 
2664 480 482 467 
2665 480 499 482 
2666 494 594 543 
2667 523 540 499 
2668 523 541 540 
2669 525 544 526 
2670 529 886 609 
2671 541 558 557 
2672 543 567 542 
2673 568 698 593 
2674 576 1997 588 
2675 577 603 602 
2676 593 1768 591 
2677 591 1768 669 
2678 645 646 602 
2679 615 616 614 
2680 624 1872 622 
2681 803 1811 865 
2682 828 903 826 
2683 829 832 831 
2684 833 835 834 
2685 836 838 835 
2686 836 1759 840 
2687 855 857 856 
2688 864 1968 1933 
2689 868 902 901 
2690 874 1271 872 
2691 1282 1872 887 
2692 902 976 901 
2693 1144 1145 915 
2694 974 989 919 
2695 947 1847 1835 
2696 965 1632 964 
2697 967 1124 1123 
2698 971 1890 1415 
2699 1059 1062 1060 
2700 1096 1098 1097 
2701 1100 1101 1099 
2702 1828 1965 1122 
2703 1128 1361 1129 
2704 1201 1668 1667 
2705 1217 1669 1209 
2706 1216 1821 1218 
2707 1324 1821 1216 
2708 1218 1220 1219 
2709 1261 1545 1544 
2710 1631 1661 1273 
2711 1924 2006 1281 
2712 1389 1426 1388 
2713 1808 1993 1585 
2714 1657 1710 1709 
2715 1781 1929 1837 
2716 1938 1939 1937 
2717 357 697 361 
2718 401 1964 1809 
2719 411 1864 413 
2720 449 450 448 
2721 488 535 492 
2722 525 1851 544 
2723 706 1858 579 
2724 1771 1772 642 
2725 690 738 677 
2726 747 1956 923 
2727 816 1748 866 
2728 820 1871 867 
2729 878 1117 1083 
2730 920 974 919 
2731 1070 1226 1069 
2732 1089 1090 1072 
2733 1079 1081 1078 
2734 1115 1366 1116 
2735 1168 1828 1373 
2736 1279 1957 1706 
2737 1817 1947 1905 
2738 371 1882 708 
2739 408 462 461 
2740 445 446 444 
2741 523 1744 541 
2742 625 626 624 
2743 635 637 636 
2744 637 639 638 
2745 641 644 643 
2746 661 1815 662 
2747 662 664 663 
2748 698 1836 1096 
2749 805 806 804 
2750 804 1831 850 
2751 827 828 826 
2752 877 913 876 
2753 966 1349 1348 
2754 1039 1885 1038 
2755 1815 1913 1133 
2756 1387 1388 1386 
2757 1566 1569 1565 
2758 1657 1709 1655 
2759 1809 1964 1963 
2760 474 1816 458 
2761 581 582 553 
2762 617 1932 614 
2763 732 763 704 
2764 705 747 746 
2765 916 918 748 
2766 803 804 802 
2767 1750 1870 866 
2768 964 1205 906 
2769 1146 1931 1137 
2770 1240 1294 1239 
2771 375 1882 369 
2772 384 1840 382 
2773 441 442 440 
2774 454 468 464 
2775 782 958 784 
2776 801 802 800 
2777 934 1861 1330 
2778 941 1012 1011 
2779 952 1150 1143 
2780 356 1621 684 
2781 378 1883 379 
2782 390 391 384 
2783 1113 1840 393 
2784 883 1817 526 
2785 703 704 587 
2786 677 730 643 
2787 694 1581 756 
2788 784 934 785 
2789 981 1015 871 
2790 1038 1885 1052 
2791 1612 1850 1076 
2792 1089 1662 1091 
2793 1094 1898 1214 
2794 1119 1384 1383 
2795 1539 1542 1120 
2796 1695 1796 1767 
2797 377 1854 372 
2798 473 878 485 
2799 495 1115 1114 
2800 700 753 699 
2801 747 923 922 
2802 388 1666 1665 
2803 1800 1896 457 
2804 615 873 872 
2805 620 631 619 
2806 626 627 624 
2807 1916 1935 646 
2808 740 956 759 
2809 841 842 839 
2810 1160 1161 925 
2811 1168 1965 1828 
2812 1281 1925 1924 
2813 1613 1614 1363 
2814 492 524 471 
2815 487 1816 474 
2816 555 1810 545 
2817 545 1810 883 
2818 582 1966 553 
2819 642 1772 638 
2820 644 677 643 
2821 734 931 745 
2822 1705 1987 753 
2823 907 1163 990 
2824 991 1122 908 
2825 948 1895 1702 
2826 960 1958 1305 
2827 1418 1419 989 
2828 991 1241 1122 
2829 1080 1311 1079 
2830 1117 1707 1083 
2831 1147 1964 1095 
2832 1138 1379 1139 
2833 1282 1910 1872 
2834 1721 1722 1720 
2835 1809 1963 1922 
2836 1839 1980 1811 
2837 369 1882 371 
2838 721 1841 666 
2839 666 1841 895 
2840 1300 1301 932 
2841 1168 1373 1364 
2842 1211 1638 1377 
2843 1552 1554 1551 
2844 408 1874 462 
2845 493 1926 947 
2846 609 610 608 
2847 612 1932 884 
2848 1918 1955 663 
2849 714 715 687 
2850 768 1911 969 
2851 841 843 842 
2852 926 1160 925 
2853 987 1395 986 
2854 991 1242 1241 
2855 1108 1977 1102 
2856 1125 1935 1123 
2857 1146 1974 1931 
2858 1436 1437 1161 
2859 1261 1546 1545 
2860 1955 1985 1777 
2861 454 1866 881 
2862 1045 1827 1094 
2863 1152 1468 1467 
2864 1932 1954 1734 
2865 590 1606 1602 
2866 714 762 760 
2867 913 1277 876 
2868 1713 1848 1116 
2869 357 358 356 
2870 367 368 364 
2871 1137 1883 378 
2872 717 1916 645 
2873 687 791 653 
2874 764 928 927 
2875 986 1900 916 
2876 1306 1945 980 
2877 1698 1952 1132 
2878 1203 1969 1852 
2879 1211 1377 1376 
2880 1257 1368 1243 
2881 1690 1992 1268 
2882 1669 1997 1961 
2883 489 1923 495 
2884 522 1901 497 
2885 526 1817 524 
2886 552 1889 580 
2887 599 1930 705 
2888 923 1965 1168 
2889 1067 1799 1697 
2890 1777 1985 1746 
2891 667 1918 664 
2892 958 1861 784 
2893 981 1945 1232 
2894 1206 1973 1207 
2895 888 1873 941 
2896 1104 1977 1111 
2897 1142 1984 1146 
2898 1275 1950 1274 
2899 435 436 434 
2900 473 1896 878 
2901 745 1815 661 
2902 1116 1848 1114 
2903 1883 1931 1874 
2904 532 533 491 
2905 547 1901 709 
2906 1770 1981 691 
2907 788 1916 717 
2908 1207 1215 1209 
2909 623 624 622 
2910 896 1871 822 
2911 981 1232 1016 
2912 1059 1060 1018 
2913 1029 1990 1031 
2914 1976 1982 1147 
2915 1755 1756 1753 
2916 1971 2009 1845 
2917 567 1846 542 
2918 663 1955 1777 
2919 918 1887 748 
2920 1123 1916 788 
2921 1395 1422 986 
2922 1923 1966 1277 
2923 1988 1997 1669 
2924 1708 1893 1892 
2925 462 1874 885 
2926 568 1836 698 
2927 818 1748 816 
2928 841 1933 843 
2929 864 1933 841 
2930 916 1900 918 
2931 1167 1169 922 
2932 1059 1928 1062 
2933 1906 1907 1226 
2934 480 1801 523 
2935 748 1887 702 
2936 732 1897 920 
2937 814 1870 812 
2938 822 1871 820 
2939 823 1812 825 
2940 842 1953 839 
2941 884 1932 1734 
2942 1850 1909 1076 
2943 1123 1935 1916 
2944 1722 1723 1720 
2945 1752 1938 1937 
2946 869 1903 799 
2947 411 1888 1864 
2948 497 1901 547 
2949 1875 1975 1080 
2950 1865 1881 1810 
2951 360 1006 367 
2952 553 1966 528 
2953 734 1920 931 
2954 812 1870 847 
2955 843 854 846 
2956 1685 2022 965 
2957 1137 1931 1883 
2958 1837 1929 1429 
2959 1438 1439 1437 
2960 614 1932 612 
2961 1146 1984 1892 
2962 1723 1967 1720 
2963 417 1905 1800 
2964 524 1905 471 
2965 523 1801 1744 
2966 754 1982 1976 
2967 1287 1953 849 
2968 1634 1928 1059 
2969 1817 1905 524 
2970 587 1930 570 
2971 1799 1912 583 
2972 1747 1949 629 
2973 938 1918 667 
2974 1951 1982 754 
2975 784 1861 934 
2976 1683 1952 882 
2977 1996 2011 1276 
2978 1989 2005 1286 
2979 1143 1976 1147 
2980 1788 1922 1789 
2981 490 534 532 
2982 611 1919 632 
2983 1065 1942 1884 
2984 1847 1924 1744 
2985 854 1933 1283 
2986 2009 2017 1919 
2987 752 1962 1286 
2988 1135 1918 938 
2989 1683 1772 1771 
2990 415 1834 412 
2991 554 1912 569 
2992 1790 1961 601 
2993 1931 1974 885 
2994 1274 1955 1135 
2995 1702 1970 1705 
2996 760 1958 960 
2997 629 1949 633 
2998 910 983 909 
2999 1750 1934 1870 
3000 1762 2004 880 
3001 1135 1955 1918 
3002 1208 1960 1204 
3003 889 1873 888 
3004 471 1905 417 
3005 579 1858 581 
3006 633 1949 734 
3007 703 1897 732 
3008 1268 1992 1269 
3009 406 1888 411 
3010 412 1834 410 
3011 620 1910 631 
3012 1744 1924 701 
3013 843 1933 854 
3014 1435 1436 1161 
3015 1917 1992 1205 
3016 1096 1940 1098 
3017 745 1913 1815 
3018 789 1941 787 
3019 936 1927 855 
3020 1018 1968 864 
3021 1153 1998 929 
3022 1223 1971 1220 
3023 583 1912 554 
3024 1872 1910 622 
3025 837 1914 853 
3026 405 1888 406 
3027 457 1896 473 
3028 540 1943 1844 
3029 570 1930 599 
3030 581 1858 606 
3031 619 1954 617 
3032 930 1843 765 
3033 1274 1985 1955 
3034 1946 1947 1817 
3035 613 1886 615 
3036 1678 1679 1229 
3037 751 1954 619 
3038 639 1951 754 
3039 754 1976 1770 
3040 763 1921 891 
3041 1810 1881 883 
3042 1235 1843 930 
3043 1911 1972 1320 
3044 1429 1978 1837 
3045 1832 1944 1605 
3046 847 1934 1781 
3047 1138 1999 1379 
3048 580 1889 880 
3049 950 1951 637 
3050 1874 1931 885 
3051 1720 1967 783 
3052 853 1914 1144 
3053 928 1994 1802 
3054 1150 1981 1143 
3055 1376 1948 1210 
3056 1905 1947 1800 
3057 588 1943 557 
3058 622 1910 620 
3059 702 1887 946 
3060 885 1974 1807 
3061 894 1989 1282 
3062 1319 1986 1141 
3063 1204 1960 1203 
3064 1892 1984 1108 
3065 1284 2010 1541 
3066 1117 1946 1707 
3067 1219 2003 1988 
3068 1876 1956 1279 
3069 764 1996 928 
3070 942 2005 1989 
3071 1853 2012 1151 
3072 1223 2017 2009 
3073 1648 1979 1651 
3074 615 1886 873 
3075 734 1949 1920 
3076 839 1953 838 
3077 1207 1973 1215 
3078 1933 1968 1283 
3079 949 1875 1080 
3080 1662 1880 1091 
3081 1092 1970 1895 
3082 932 1913 745 
3083 1639 1978 1427 
3084 1102 1977 1104 
3085 969 1911 1320 
3086 1807 1974 1893 
3087 557 1943 540 
3088 1914 1991 1144 
3089 1266 1941 789 
3090 1926 2006 947 
3091 1991 2018 1144 
3092 1286 2005 1853 
3093 1122 1965 1876 
3094 1446 1917 1205 
3095 1147 1982 1963 
3096 701 1925 1798 
3097 1647 2039 2035 
3098 942 1989 894 
3099 646 1969 1790 
3100 925 2013 852 
3101 1014 1980 1839 
3102 1117 1947 1946 
3103 1220 1971 1219 
3104 1347 1959 1266 
3105 1895 1970 1702 
3106 1852 1969 1935 
3107 1804 1998 1153 
3108 1267 1829 1620 
3109 1960 1961 1790 
3110 762 1958 760 
3111 1118 1902 785 
3112 1870 1934 847 
3113 1712 1984 1142 
3114 1210 1948 1346 
3115 1288 2024 2018 
3116 1427 1978 1429 
3117 1646 1979 1648 
3118 785 1902 737 
3119 1021 1908 1019 
3120 1956 1957 1279 
3121 1111 1993 1808 
3122 632 2014 1886 
3123 637 1951 639 
3124 1098 1940 1708 
3125 1282 1989 1962 
3126 1943 2003 1845 
3127 1037 1990 1029 
3128 2039 2040 1867 
3129 1825 1875 733 
3130 601 1997 576 
3131 2002 2015 1115 
3132 1437 2013 1161 
3133 1319 1994 1986 
3134 1941 1959 1349 
3135 1804 2025 1998 
3136 588 2003 1943 
3137 857 1927 1004 
3138 1132 1952 1683 
3139 1208 1961 1960 
3140 1217 1988 1669 
3141 1269 1992 1917 
3142 1287 2018 1991 
3143 1652 1979 1646 
3144 1169 2007 922 
3145 1962 1989 1286 
3146 1922 1963 1789 
3147 1033 2016 1035 
3148 753 1987 1140 
3149 1656 2023 1225 
3150 1141 1986 1276 
3151 855 1927 857 
3152 1963 1964 1147 
3153 1986 1994 928 
3154 705 1957 747 
3155 929 1998 1152 
3156 1061 1968 1018 
3157 452 2021 439 
3158 1924 1925 701 
3159 1913 1999 1138 
3160 364 692 359 
3161 880 2004 1739 
3162 710 1996 764 
3163 1013 2012 2005 
3164 1084 1908 1021 
3165 360 367 364 
3166 433 435 434 
3167 590 1602 433 
3168 1950 1985 1274 
3169 355 357 356 
3170 783 1967 782 
3171 1163 2008 1414 
3172 490 532 491 
3173 1223 2009 1971 
3174 356 684 354 
3175 1935 1969 646 
3176 1048 2019 1058 
3177 1879 1880 1662 
3178 1266 1959 1941 
3179 838 1991 1914 
3180 1013 2005 942 
3181 1283 2010 1284 
3182 922 2007 746 
3183 782 1967 958 
3184 1963 1982 1789 
3185 1886 2014 1685 
3186 747 1957 1956 
3187 1288 2018 1287 
3188 1961 1997 601 
3189 2018 2024 1145 
3190 886 2009 1919 
3191 1152 1998 1468 
3192 1562 2020 1822 
3193 1968 2010 1283 
3194 733 1875 949 
3195 746 2007 1825 
3196 1301 1999 932 
3197 1281 2006 1280 
3198 852 2013 851 
3199 2025 2026 1468 
3200 606 2011 710 
3201 1151 2012 1592 
3202 932 1999 1913 
3203 1998 2025 1468 
3204 1988 2003 588 
3205 1115 2015 1366 
3206 1643 2021 1609 
3207 1919 2017 632 
3208 830 2034 2032 
3209 1224 2017 1223 
3210 1280 2006 1926 
3211 828 2032 903 
3212 1975 2007 1169 
3213 595 1915 607 
3214 443 2031 456 
3215 650 1915 595 
3216 632 2017 2014 
3217 1764 2024 1288 
3218 1061 2010 1968 
3219 1793 2029 1792 
3220 1921 2001 891 
3221 495 2002 1115 
3222 2028 2034 1670 
3223 1036 2016 1033 
3224 771 910 909 
3225 1145 2024 1374 
3226 710 2011 1996 
3227 907 2001 1163 
3228 1287 1991 1953 
3229 1923 2002 495 
3230 1036 2029 2016 
3231 1050 2019 1048 
3232 2014 2017 1224 
3233 2016 2029 1793 
3234 2035 2039 456 
3235 1674 2020 1562 
3236 439 2021 441 
3237 1144 2018 1145 
3238 891 2001 907 
3239 851 2028 1670 
3240 1953 1991 838 
3241 1439 2034 2028 
3242 1607 2037 1608 
3243 965 2023 1632 
3244 1225 2022 1224 
3245 2014 2022 1685 
3246 1224 2022 2014 
3247 1670 2034 830 
3248 1647 2035 1644 
3249 2021 2031 441 
3250 1439 2028 1437 
3251 2032 2034 1441 
3252 1643 2031 2021 
3253 1058 2036 1049 
3254 2010 2030 1541 
3255 1054 2036 1252 
3256 441 2031 443 
3257 1782 2038 1093 
3258 830 2032 828 
3259 431 590 433 
3260 1656 2027 2023 
3261 490 491 477 
3262 477 1598 693 
3263 355 356 354 
3264 360 364 359 
3265 1437 2028 2013 
3266 2023 2027 1632 
3267 1441 2034 1439 
3268 1608 2037 2019 
3269 433 434 432 
3270 1061 2030 2010 
3271 522 2038 1901 
3272 2024 2033 1374 
3273 2013 2028 851 
3274 1867 2040 1866 
3275 1764 2033 2024 
3276 2031 2035 456 
3277 1649 2040 2039 
3278 1813 2042 522 
3279 1644 2035 1643 
3280 456 2039 1867 
3281 1049 2036 1054 
3282 881 2041 1813 
3283 771 909 770 
3284 2019 2037 1058 
3285 1901 2038 1782 
3286 1643 2035 2031 
3287 1649 2039 1647 
3288 1650 2041 1649 
3289 2041 2042 1813 
3290 1866 2040 881 
3291 1653 2042 1650 
3292 1649 2041 2040 
3293 1650 2042 2041 
3294 477 693 460 
3295 353 355 354 
3296 352 360 359 
3297 432 465 430 
3298 431 433 432 
3299 476 490 477 
3300 359 1601 353 
3301 2040 2041 881 
3302 724 771 770 
3303 770 777 723 
3304 490 2043 534 
3305 1981 2044 691 
3306 431 432 430 
3307 476 477 460 
3308 459 793 476 
3309 353 354 351 
3310 352 359 353 
3311 476 2043 490 
3312 681 790 724 
3313 724 770 723 
3314 691 2044 1778 
3315 1011 2046 1013 
3316 383 2047 390 
3317 1590 2046 1011 
3318 459 476 460 
3319 352 353 351 
3320 429 431 430 
3321 407 2047 383 
3322 681 724 723 
3323 1289 2048 1010 
3324 1841 2049 895 
3325 348 1578 689 
3326 689 1593 350 
3327 427 1579 459 
3328 459 460 451 
3329 351 1582 349 
3330 350 352 351 
3331 429 430 428 
3332 1010 2048 1589 
3333 895 2049 943 
3334 1302 1303 997 
3335 681 723 680 
3336 1157 1353 1302 
3337 1593 2050 1006 
3338 1585 2050 1584 
3339 1006 2050 1820 
3340 350 351 349 
3341 348 689 350 
3342 426 429 428 
3343 427 459 451 
3344 1820 2050 1585 
3345 679 681 680 
3346 686 1576 679 
3347 996 1158 1157 
3348 1157 1302 997 
3349 434 2051 432 
3350 440 2052 438 
3351 1551 2053 1549 
3352 1060 2054 1061 
3353 426 428 427 
3354 348 350 349 
3355 349 1005 347 
3356 427 451 425 
3357 432 2051 465 
3358 438 2052 466 
3359 1549 2053 1573 
3360 1061 2054 2030 
3361 996 1157 997 
3362 1246 1417 1369 
3363 679 680 673 
3364 678 686 679 
3365 605 2055 575 
3366 348 349 347 
3367 426 427 425 
3368 678 679 673 
3369 996 997 995 
3370 1246 1369 1002 
3371 672 735 678 
3372 1245 1443 1246 
3373 1525 1536 1528 
3374 575 2055 598 
3375 455 2056 2030 
3376 2030 2056 1541 
3377 346 348 347 
3378 424 426 425 
3379 1526 1527 496 
3380 1541 2056 1568 
3381 2055 2058 598 
3382 1543 2058 2055 
3383 739 996 995 
3384 672 678 673 
3385 1525 1528 739 
3386 1245 1246 1002 
3387 1259 2057 1567 
3388 1259 2058 2057 
3389 598 2058 1259 
3390 345 1526 496 
3391 496 1518 343 
3392 346 347 345 
3393 344 363 346 
3394 424 425 423 
3395 220 222 221 
3396 251 1524 220 
3397 739 995 670 
3398 672 673 671 
3399 671 1525 739 
3400 1001 1245 1002 
3401 429 2059 431 
3402 590 2059 1745 
3403 345 496 343 
3404 774 1521 422 
3405 344 346 345 
3406 423 688 421 
3407 422 424 423 
3408 431 2059 590 
3409 1317 1399 1299 
3410 218 251 220 
3411 220 221 219 
3412 649 672 671 
3413 1001 1002 1000 
3414 671 739 670 
3415 781 1003 1001 
3416 344 345 343 
3417 422 423 421 
3418 342 1534 344 
3419 420 774 422 
3420 1521 2061 1523 
3421 774 2060 1521 
3422 1293 1317 1299 
3423 1299 1421 1298 
3424 219 245 217 
3425 218 220 219 
3426 781 1001 1000 
3427 1000 1519 648 
3428 649 671 670 
3429 1199 2064 2063 
3430 420 422 421 
3431 342 344 343 
3432 1298 1401 1292 
3433 1293 1299 1298 
3434 218 219 217 
3435 649 670 597 
3436 781 1000 648 
3437 1199 2063 2062 
3438 1199 2062 1195 
3439 420 421 419 
3440 342 343 341 
3441 1195 2062 1325 
3442 1293 1298 1292 
3443 216 218 217 
3444 596 781 648 
3445 648 649 597 
3446 1183 2114 1184 
3447 1251 2065 1237 
3448 340 342 341 
3449 339 420 419 
3450 1321 1512 1291 
3451 1291 1293 1292 
3452 214 275 216 
3453 215 1511 274 
3454 216 217 215 
3455 1237 2065 1451 
3456 596 648 597 
3457 559 2067 1617 
3458 556 2067 559 
3459 791 2067 653 
3460 339 419 340 
3461 340 341 338 
3462 1189 2124 1186 
3463 163 2316 162 
3464 1231 1321 1291 
3465 1291 1292 1290 
3466 214 216 215 
3467 215 274 213 
3468 653 2067 556 
3469 585 1515 750 
3470 596 597 585 
3471 1863 2069 1112 
3472 1197 2124 1189 
3473 1509 2068 999 
3474 999 2068 1654 
3475 1506 2069 1863 
3476 339 340 338 
3477 337 1502 339 
3478 210 2305 1397 
3479 1505 2073 1506 
3480 1231 1291 1290 
3481 2217 2284 302 
3482 211 1498 214 
3483 214 215 213 
3484 261 2076 66 
3485 585 750 566 
3486 652 1510 584 
3487 584 596 585 
3488 1520 2073 1505 
3489 57 260 56 
3490 1318 2079 1319 
3491 1515 2075 750 
3492 62 211 3 
3493 2084 2188 294 
3494 65 2076 276 
3495 87 253 86 
3496 83 237 82 
3497 85 278 84 
3498 64 2078 63 
3499 65 276 64 
3500 78 231 77 
3501 77 2077 76 
3502 81 277 80 
3503 337 339 338 
3504 1871 2113 1757 
3505 1199 2114 2064 
3506 1184 2114 1188 
3507 1448 1449 1156 
3508 1319 2079 1995 
3509 75 1474 74 
3510 792 2117 921 
3511 1309 2117 940 
3512 2205 2266 1461 
3513 1939 2118 1929 
3514 1429 2118 1428 
3515 1249 2111 1480 
3516 1231 1290 963 
3517 1230 1483 1231 
3518 89 2074 88 
3519 211 213 3 
3520 1533 2364 1532 
3521 211 214 213 
3522 1877 1878 1121 
3523 63 2110 62 
3524 565 652 584 
3525 584 585 566 
3526 153 2080 152 
3527 139 2091 138 
3528 135 2094 134 
3529 22 2082 21 
3530 17 293 16 
3531 26 257 25 
3532 30 304 29 
3533 110 262 109 
3534 114 306 113 
3535 144 2097 143 
3536 198 2099 197 
3537 156 254 155 
3538 203 252 202 
3539 154 297 153 
3540 201 298 200 
3541 19 236 18 
3542 96 265 95 
3543 125 289 124 
3544 134 226 133 
3545 172 238 171 
3546 181 225 180 
3547 103 235 102 
3548 10 302 9 
3549 94 303 93 
3550 118 288 117 
3551 120 255 119 
3552 148 224 147 
3553 165 266 164 
3554 168 250 167 
3555 195 232 194 
3556 23 243 22 
3557 99 249 98 
3558 101 299 100 
3559 137 2089 136 
3560 123 244 122 
3561 131 256 130 
3562 140 281 139 
3563 143 228 142 
3564 152 239 151 
3565 159 272 158 
3566 170 294 169 
3567 187 227 186 
3568 190 2098 189 
3569 191 240 190 
3570 193 282 192 
3571 199 241 198 
3572 206 269 205 
3573 27 2085 26 
3574 136 292 135 
3575 106 2083 105 
3576 12 264 11 
3577 107 246 106 
3578 15 248 14 
3579 21 279 20 
3580 28 290 27 
3581 105 286 104 
3582 112 291 111 
3583 127 233 126 
3584 129 283 128 
3585 138 242 137 
3586 145 280 144 
3587 150 284 149 
3588 161 305 160 
3589 171 2084 170 
3590 174 295 173 
3591 175 2090 174 
3592 176 223 175 
3593 179 287 178 
3594 184 258 183 
3595 189 296 188 
3596 197 285 196 
3597 208 309 207 
3598 149 2086 148 
3599 207 2104 206 
3600 100 2087 99 
3601 155 2095 154 
3602 169 2096 168 
3603 119 2093 118 
3604 128 2101 127 
3605 102 2100 101 
3606 111 2088 110 
3607 113 2103 112 
3608 20 2081 19 
3609 18 2092 17 
3610 1375 2221 1501 
3611 40 2105 39 
3612 36 263 35 
3613 44 2106 43 
3614 46 259 45 
3615 34 300 33 
3616 41 301 40 
3617 43 234 42 
3618 3 308 61 
3619 60 209 59 
3620 39 247 38 
3621 61 2107 60 
3622 42 2108 41 
3623 33 2109 32 
3624 1397 2305 271 
3625 276 2078 64 
3626 231 2077 77 
3627 2102 2292 1457 
3628 2178 2199 2097 
3629 2116 2185 519 
3630 896 2113 1871 
3631 1188 2114 1199 
3632 1302 1501 1303 
3633 2078 2110 63 
3634 211 2110 1498 
3635 2327 2340 1475 
3636 1498 2121 1499 
3637 1936 2112 1668 
3638 1329 2119 992 
3639 1119 2119 1384 
3640 166 2112 165 
3641 62 2110 211 
3642 2101 2102 233 
3643 1353 2226 1496 
3644 940 2117 792 
3645 336 2066 334 
3646 1309 2123 2117 
3647 2263 2282 1486 
3648 1193 1336 1192 
3649 1415 2206 1416 
3650 1929 2118 1429 
3651 177 2260 1450 
3652 1323 2234 2222 
3653 2063 2320 2062 
3654 45 2115 44 
3655 1715 2215 2191 
3656 757 2133 778 
3657 1482 2123 1411 
3658 291 2088 111 
3659 206 2104 269 
3660 152 2080 239 
3661 189 2098 296 
3662 197 2099 285 
3663 297 2080 153 
3664 283 2101 128 
3665 136 2089 292 
3666 138 2091 242 
3667 292 2094 135 
3668 243 2082 22 
3669 246 2083 106 
3670 281 2091 139 
3671 280 2097 144 
3672 254 2095 155 
3673 242 2089 137 
3674 223 2090 175 
3675 240 2098 190 
3676 21 2082 279 
3677 105 2083 286 
3678 134 2094 226 
3679 101 2100 299 
3680 26 2085 257 
3681 99 2087 249 
3682 284 2086 149 
3683 174 2090 295 
3684 118 2093 288 
3685 143 2097 228 
3686 148 2086 224 
3687 168 2096 250 
3688 290 2085 27 
3689 299 2087 100 
3690 241 2099 198 
3691 235 2100 102 
3692 294 2096 169 
3693 238 2084 171 
3694 306 2103 113 
3695 255 2093 119 
3696 17 2092 293 
3697 170 2084 294 
3698 19 2081 236 
3699 127 2101 233 
3700 279 2081 20 
3701 154 2095 297 
3702 236 2092 18 
3703 112 2103 291 
3704 110 2088 262 
3705 309 2104 207 
3706 1724 2175 1723 
3707 39 2105 247 
3708 301 2105 40 
3709 234 2108 42 
3710 60 2107 209 
3711 43 2106 234 
3712 308 2107 61 
3713 41 2108 301 
3714 300 2109 33 
3715 978 2280 1351 
3716 165 2112 266 
3717 682 786 775 
3718 514 515 513 
3719 1401 2385 2283 
3720 2249 2281 254 
3721 311 313 312 
3722 2117 2123 1482 
3723 337 338 335 
3724 273 1475 1474 
3725 1180 1248 1178 
3726 44 2115 2106 
3727 259 2115 45 
3728 1716 2191 272 
3729 1316 1448 1156 
3730 1384 2189 1383 
3731 1499 2184 275 
3732 1408 2141 2122 
3733 1227 2133 757 
3734 992 2119 1119 
3735 121 2130 120 
3736 76 2077 273 
3737 1160 2134 1435 
3738 1480 2134 1162 
3739 676 2187 1431 
3740 1795 2350 2108 
3741 750 1465 566 
3742 1948 2399 232 
3743 83 2127 237 
3744 278 2127 84 
3745 224 2120 147 
3746 1230 1231 963 
3747 538 1170 660 
3748 147 2120 146 
3749 222 1524 726 
3750 1412 2289 227 
3751 1802 2138 1803 
3752 1995 2138 1994 
3753 1693 2240 1694 
3754 1322 2173 1507 
3755 1198 1431 1200 
3756 2078 2121 2110 
3757 2111 2158 1480 
3758 1198 1200 1197 
3759 270 2074 89 
3760 1432 1433 1431 
3761 1729 2298 2104 
3762 1326 1327 912 
3763 790 2318 2294 
3764 48 1496 47 
3765 1480 2158 288 
3766 2110 2121 1498 
3767 2098 2258 1444 
3768 565 584 566 
3769 530 2361 517 
3770 786 978 924 
3771 275 2144 216 
3772 218 2144 251 
3773 159 2131 272 
3774 305 2131 160 
3775 953 2135 959 
3776 1630 2132 13 
3777 12 2132 264 
3778 2123 2258 240 
3779 261 2245 1460 
3780 84 2127 83 
3781 108 2145 107 
3782 1489 2341 1488 
3783 1491 2358 1337 
3784 779 2179 780 
3785 338 2139 335 
3786 229 1470 73 
3787 267 1471 71 
3788 2084 2371 2188 
3789 1414 2253 1413 
3790 1186 1190 1185 
3791 2119 2328 1384 
3792 1159 2135 953 
3793 1518 2139 341 
3794 1576 2318 790 
3795 1186 2124 1190 
3796 1213 2155 1727 
3797 1899 2155 1214 
3798 254 2281 2095 
3799 195 2140 232 
3800 285 2140 196 
3801 1295 2156 1314 
3802 1624 2156 1297 
3803 160 2131 159 
3804 1664 2150 1615 
3805 1784 1878 1877 
3806 226 2142 133 
3807 1463 1464 1327 
3808 4 2125 270 
3809 103 2143 235 
3810 286 2143 104 
3811 120 2130 255 
3812 1156 2179 779 
3813 13 2132 12 
3814 1716 2159 1819 
3815 1362 2159 1425 
3816 2276 2278 1904 
3817 1450 2382 177 
3818 222 331 221 
3819 1828 2160 1373 
3820 1381 2160 1241 
3821 1679 2161 1229 
3822 1162 2134 1160 
3823 560 1322 651 
3824 684 2389 1448 
3825 1171 1175 1173 
3826 90 2125 4 
3827 91 307 90 
3828 1724 2398 2074 
3829 1693 2271 2240 
3830 145 2147 280 
3831 1730 2167 1164 
3832 959 2135 1313 
3833 1657 2169 1710 
3834 1324 2169 1821 
3835 2149 2224 773 
3836 2114 2141 2064 
3837 903 2381 1458 
3838 1458 2381 1442 
3839 914 1316 1156 
3840 185 2289 2000 
3841 265 2328 2119 
3842 323 324 321 
3843 652 2198 1510 
3844 9 2162 8 
3845 328 2128 685 
3846 32 2163 31 
3847 56 1477 55 
3848 72 1470 267 
3849 70 1471 212 
3850 2097 2199 228 
3851 716 2248 1469 
3852 1230 2136 1483 
3853 1175 2238 1173 
3854 303 2180 1487 
3855 2135 2184 1499 
3856 1465 2248 716 
3857 2111 2190 2158 
3858 2281 2301 2095 
3859 565 566 564 
3860 1374 2171 1166 
3861 50 1473 49 
3862 52 1472 51 
3863 1236 2124 1197 
3864 1445 2395 1175 
3865 1994 2138 1802 
3866 958 2175 1862 
3867 1723 2175 1967 
3868 2088 2171 262 
3869 296 2153 188 
3870 187 2153 227 
3871 911 1227 757 
3872 93 2170 92 
3873 2293 2324 231 
3874 1304 2178 1493 
3875 2109 2277 2026 
3876 2243 2310 1878 
3877 2120 2147 146 
3878 1878 2310 1121 
3879 288 2158 117 
3880 403 2183 400 
3881 1488 2341 2311 
3882 1443 2256 2203 
3883 212 311 310 
3884 1154 2177 2129 
3885 179 2164 287 
3886 225 2164 180 
3887 276 2146 2078 
3888 299 2247 2087 
3889 74 1474 229 
3890 2251 2392 1476 
3891 1576 2347 2318 
3892 257 2166 25 
3893 516 517 515 
3894 1180 2157 1248 
3895 243 2214 2082 
3896 313 315 314 
3897 141 2182 140 
3898 2199 2219 228 
3899 2078 2146 2121 
3900 1411 2275 282 
3901 324 2312 2306 
3902 1466 2285 241 
3903 1338 1397 1336 
3904 1973 2188 1215 
3905 196 2140 195 
3906 2063 2315 308 
3907 1430 2379 1307 
3908 2121 2146 1313 
3909 325 326 324 
3910 1457 2278 1456 
3911 1315 2126 972 
3912 1730 2347 2167 
3913 216 2144 218 
3914 131 2174 256 
3915 133 2142 132 
3916 1183 2141 2114 
3917 954 1393 1212 
3918 104 2143 103 
3919 98 2189 97 
3920 94 2180 303 
3921 265 2180 95 
3922 1459 2205 251 
3923 1303 2165 2075 
3924 2113 2278 1457 
3925 1154 2129 758 
3926 81 2186 277 
3927 237 2186 82 
3928 1200 1236 1197 
3929 293 2388 2333 
3930 1464 2151 1327 
3931 334 337 335 
3932 1313 2146 1312 
3933 108 2225 2145 
3934 1356 2376 1354 
3935 1446 2260 287 
3936 686 2347 1576 
3937 2214 2244 2082 
3938 978 1351 979 
3939 2083 2309 1371 
3940 277 2211 1694 
3941 330 2128 328 
3942 1469 2346 716 
3943 273 1474 75 
3944 1335 2150 1664 
3945 1754 2200 1751 
3946 1752 2200 1938 
3947 246 2309 2083 
3948 231 2324 2077 
3949 107 2145 246 
3950 2102 2368 1756 
3951 780 2179 1230 
3952 146 2147 145 
3953 1244 2202 1450 
3954 2027 2202 1632 
3955 1907 2296 285 
3956 1878 2231 1370 
3957 399 2203 396 
3958 394 2203 722 
3959 1458 2276 903 
3960 1206 2204 1973 
3961 1420 2314 298 
3962 2095 2301 297 
3963 272 2191 158 
3964 53 2305 210 
3965 1479 2299 668 
3966 1451 2207 1452 
3967 1485 2234 1323 
3968 10 2192 302 
3969 264 2192 11 
3970 276 2176 2146 
3971 750 2165 1465 
3972 1484 2325 366 
3973 23 2193 243 
3974 501 502 331 
3975 1318 2214 2079 
3976 243 2193 2079 
3977 1796 2211 1899 
3978 1694 2211 1695 
3979 563 2196 565 
3980 1477 2233 271 
3981 182 2206 181 
3982 2079 2214 243 
3983 1336 2307 1337 
3984 1242 2217 1381 
3985 341 2139 338 
3986 780 963 962 
3987 2111 2377 306 
3988 235 2150 2100 
3989 1476 2259 2251 
3990 1629 2267 1628 
3991 510 512 511 
3992 1214 2155 1213 
3993 1323 2263 1485 
3994 968 2319 899 
3995 1360 2219 1233 
3996 222 726 500 
3997 1475 2351 2327 
3998 1297 2156 1295 
3999 306 2377 2103 
4000 188 2153 187 
4001 2088 2355 2171 
4002 307 2125 90 
4003 252 2209 202 
4004 201 2209 298 
4005 1476 2392 970 
4006 780 1230 963 
4007 1631 2228 1300 
4008 1432 2339 1434 
4009 1694 2240 277 
4010 58 2216 1490 
4011 1491 2233 1477 
4012 913 2234 1485 
4013 1239 2234 877 
4014 238 2369 1710 
4015 2146 2176 1312 
4016 1819 2159 1362 
4017 232 2213 194 
4018 193 2213 282 
4019 1241 2160 1828 
4020 1229 2161 1249 
4021 1355 1445 1358 
4022 1247 2241 1533 
4023 1176 1193 1192 
4024 156 2215 254 
4025 1001 2242 1245 
4026 164 2227 163 
4027 209 2216 59 
4028 518 530 517 
4029 336 2207 1451 
4030 117 2158 116 
4031 1185 2157 1182 
4032 221 2246 219 
4033 1227 2317 2177 
4034 2142 2174 132 
4035 1243 2247 1335 
4036 1496 2226 47 
4037 253 2398 1724 
4038 327 328 326 
4039 1714 2249 1715 
4040 1399 2250 1299 
4041 380 2365 1512 
4042 1290 2172 963 
4043 2177 2317 2129 
4044 1164 2167 1396 
4045 289 2229 1455 
4046 273 2351 1475 
4047 1351 2299 1479 
4048 180 2164 179 
4049 1821 2169 1657 
4050 302 2162 9 
4051 1182 2157 1180 
4052 256 2223 130 
4053 129 2223 283 
4054 2109 2163 32 
4055 277 2240 80 
4056 910 2263 1323 
4057 262 2225 109 
4058 25 2166 24 
4059 1753 2264 1754 
4060 1159 2184 2135 
4061 503 504 502 
4062 1345 1476 1228 
4063 125 2229 289 
4064 233 2229 126 
4065 46 2226 259 
4066 315 317 316 
4067 2151 2252 536 
4068 205 2253 204 
4069 142 2255 141 
4070 334 335 333 
4071 67 2245 261 
4072 1975 2267 1394 
4073 1628 2267 1169 
4074 2167 2347 686 
4075 2008 2374 252 
4076 2145 2225 2033 
4077 36 2235 263 
4078 2076 2176 276 
4079 2170 2311 307 
4080 178 2260 177 
4081 1490 2216 1407 
4082 183 2261 182 
4083 252 2288 2008 
4084 1840 2272 725 
4085 1343 2272 1113 
4086 2076 2194 2176 
4087 332 336 334 
4088 1526 2273 1527 
4089 2107 2168 209 
4090 1232 2274 1360 
4091 1374 2372 2171 
4092 1321 2304 1512 
4093 1904 2278 896 
4094 321 2306 319 
4095 790 2282 724 
4096 1355 1358 1357 
4097 2082 2244 279 
4098 1907 2285 1226 
4099 1360 2255 2219 
4100 502 2356 331 
4101 1656 2286 2027 
4102 2026 2277 1468 
4103 303 2170 93 
4104 1757 2292 1756 
4105 1166 2171 1679 
4106 1341 1445 1355 
4107 1301 2228 2000 
4108 1351 1479 1352 
4109 1967 2175 958 
4110 78 2271 231 
4111 1230 2179 2136 
4112 2136 2179 1449 
4113 1312 2176 1398 
4114 1625 2291 263 
4115 132 2174 131 
4116 306 2190 2111 
4117 1305 2178 1304 
4118 1333 2293 1693 
4119 1486 2294 2015 
4120 248 2333 1629 
4121 1401 2283 1292 
4122 267 2195 1471 
4123 1449 2179 1156 
4124 2176 2194 1398 
4125 1413 2298 1728 
4126 204 2288 203 
4127 684 2300 1582 
4128 2244 2270 279 
4129 512 514 513 
4130 1936 2367 2112 
4131 95 2180 94 
4132 1170 2210 1171 
4133 1383 2308 1539 
4134 1763 2309 1764 
4135 2150 2337 1615 
4136 282 2275 192 
4137 191 2275 240 
4138 400 2183 399 
4139 1445 1469 1358 
4140 1586 2323 1444 
4141 366 2325 362 
4142 1057 2327 1055 
4143 1298 2404 1401 
4144 1444 2258 1309 
4145 1376 2399 1948 
4146 2158 2190 116 
4147 531 538 530 
4148 2112 2367 266 
4149 1614 2354 1363 
4150 2279 2403 1558 
4151 380 2391 370 
4152 1459 2184 1159 
4153 1507 2394 2269 
4154 1890 2360 1415 
4155 1522 2380 735 
4156 678 2362 686 
4157 329 330 328 
4158 2032 2381 903 
4159 1442 2381 1441 
4160 1385 2367 1361 
4161 1419 2374 2008 
4162 227 2289 186 
4163 260 1477 56 
4164 140 2182 281 
4165 2148 2262 727 
4166 563 565 564 
4167 1469 2248 1358 
4168 34 2291 300 
4169 263 2291 35 
4170 1365 2363 1347 
4171 274 2384 2062 
4172 578 911 757 
4173 97 2328 96 
4174 2074 2398 88 
4175 1445 2210 1469 
4176 2 2330 30 
4177 230 1496 48 
4178 914 1156 779 
4179 31 2330 2 
4180 505 506 504 
4181 2166 2193 24 
4182 1347 2334 1959 
4183 2008 2288 1414 
4184 1 2331 208 
4185 8 2331 1 
4186 250 2297 167 
4187 2133 2177 1393 
4188 726 728 727 
4189 87 2398 253 
4190 1417 2400 1369 
4191 166 2297 2112 
4192 177 2382 176 
4193 82 2186 81 
4194 2104 2298 269 
4195 786 924 775 
4196 199 2314 241 
4197 298 2314 200 
4198 1215 2188 1324 
4199 1305 2199 2178 
4200 161 2405 305 
4201 293 2333 16 
4202 15 2333 248 
4203 222 500 331 
4204 1190 1191 1185 
4205 2303 2349 1248 
4206 2112 2297 1668 
4207 295 2369 173 
4208 172 2369 238 
4209 116 2190 115 
4210 158 2191 157 
4211 320 904 322 
4212 115 2335 6 
4213 6 2335 114 
4214 249 2189 98 
4215 1178 2349 1174 
4216 1481 2227 1385 
4217 11 2192 10 
4218 1326 1463 1327 
4219 2171 2355 1679 
4220 561 562 539 
4221 283 2368 2101 
4222 972 2126 1310 
4223 259 2403 2279 
4224 1346 2296 1907 
4225 24 2193 23 
4226 2102 2344 233 
4227 2265 2359 773 
4228 308 2315 2107 
4229 988 1372 1350 
4230 332 333 330 
4231 758 2129 970 
4232 1341 2395 1445 
4233 1370 2243 1878 
4234 1467 2277 300 
4235 261 2194 2076 
4236 507 508 506 
4237 514 516 515 
4238 235 2337 2150 
4239 1193 1338 1336 
4240 2373 2375 2074 
4241 904 972 905 
4242 1472 2376 268 
4243 1510 2198 1003 
4244 2188 2371 1324 
4245 279 2270 2081 
4246 898 2181 988 
4247 1476 2317 1228 
4248 728 758 729 
4249 565 2196 652 
4250 1337 2307 2233 
4251 92 2353 5 
4252 563 564 562 
4253 2195 2265 1471 
4254 1611 2199 1305 
4255 2171 2372 262 
4256 2000 2289 1412 
4257 323 325 324 
4258 2108 2350 301 
4259 1751 2200 1752 
4260 2075 2165 750 
4261 978 979 924 
4262 2170 2386 2311 
4263 2074 2375 1724 
4264 270 2373 2074 
4265 1310 2287 1392 
4266 2195 2359 2265 
4267 5 2353 91 
4268 2270 2290 2081 
4269 1632 2202 1244 
4270 683 741 546 
4271 1329 2329 2119 
4272 538 2154 1170 
4273 988 2181 1372 
4274 396 2203 394 
4275 1212 2205 1459 
4276 1667 2204 1206 
4277 963 2172 962 
4278 903 2276 1904 
4279 1347 2363 2334 
4280 2124 2152 1190 
4281 332 334 333 
4282 2333 2388 1629 
4283 509 510 508 
4284 2191 2215 157 
4285 2096 2204 250 
4286 1200 1424 1236 
4287 1314 2208 1294 
4288 1360 2274 2182 
4289 984 2208 1334 
4290 972 1310 973 
4291 686 2362 2167 
4292 301 2201 2105 
4293 758 970 776 
4294 2204 2402 1973 
4295 1456 2278 2276 
4296 202 2209 201 
4297 1518 2254 1352 
4298 742 743 741 
4299 2119 2329 265 
4300 1431 2187 1200 
4301 1611 2219 2199 
4302 181 2206 225 
4303 68 2245 67 
4304 1457 2292 2113 
4305 911 1228 1227 
4306 1695 2211 1796 
4307 516 518 517 
4308 742 914 779 
4309 325 327 326 
4310 1354 2370 1340 
4311 229 2287 1470 
4312 1401 2404 2196 
4313 1320 2214 1318 
4314 509 537 519 
4315 1310 1392 1391 
4316 1397 2307 1336 
4317 194 2213 193 
4318 1351 1352 979 
4319 2208 2222 1294 
4320 501 503 502 
4321 1335 2397 2150 
4322 984 2222 2208 
4323 1729 2217 1242 
4324 157 2215 156 
4325 1371 2354 2083 
4326 225 2360 2164 
4327 779 780 743 
4328 1236 2152 2124 
4329 59 2216 58 
4330 295 2286 1709 
4331 324 2306 321 
4332 2150 2397 2100 
4333 308 2320 2063 
4334 2083 2354 286 
4335 726 727 500 
4336 562 2154 539 
4337 776 897 729 
4338 1227 2177 2133 
4339 2161 2377 1249 
4340 973 1370 905 
4341 1475 2340 1392 
4342 1173 2238 1176 
4343 507 2197 509 
4344 1532 2279 1530 
4345 537 682 546 
4346 1623 2235 1624 
4347 1233 2219 1611 
4348 1190 1194 1191 
4349 1530 2279 1558 
4350 1424 2137 1236 
4351 2274 2295 281 
4352 518 531 530 
4353 271 2305 54 
4354 2081 2290 236 
4355 327 329 328 
4356 1294 2222 1239 
4357 500 501 331 
4358 1434 2339 2246 
4359 1323 2222 984 
4360 1358 1359 1357 
4361 311 773 313 
4362 578 2212 911 
4363 1320 2244 2214 
4364 898 912 897 
4365 503 505 504 
4366 682 775 683 
4367 1191 2157 1185 
4368 130 2223 129 
4369 2167 2362 1396 
4370 318 319 317 
4371 2290 2313 236 
4372 1784 2232 2231 
4373 531 560 539 
4374 241 2285 2099 
4375 109 2225 108 
4376 2115 2279 1532 
4377 1300 2228 1301 
4378 1470 2352 267 
4379 1212 2266 2205 
4380 988 1326 912 
4381 899 2319 744 
4382 47 2226 46 
4383 2090 2286 295 
4384 126 2229 125 
4385 317 2212 578 
4386 1397 2343 210 
4387 877 2234 913 
4388 1171 2210 1175 
4389 503 536 505 
4390 320 321 319 
4391 266 2227 164 
4392 531 539 538 
4393 327 772 329 
4394 329 332 330 
4395 1245 2256 1443 
4396 37 2235 36 
4397 560 651 561 
4398 505 507 506 
4399 54 2305 53 
4400 322 323 321 
4401 1337 2233 1491 
4402 1795 2241 1247 
4403 728 729 727 
4404 2231 2232 389 
4405 773 2359 2149 
4406 904 905 322 
4407 80 2240 79 
4408 1003 2242 1001 
4409 561 563 562 
4410 898 2239 2181 
4411 1972 2244 1320 
4412 911 1344 1228 
4413 2219 2255 228 
4414 315 318 317 
4415 219 2246 245 
4416 1368 2247 1243 
4417 326 2312 324 
4418 979 1308 924 
4419 1193 1339 1338 
4420 2304 2391 380 
4421 514 520 516 
4422 507 509 508 
4423 1339 1340 1338 
4424 323 389 325 
4425 232 2399 2213 
4426 972 973 905 
4427 758 776 729 
4428 305 2405 2316 
4429 1348 2249 1714 
4430 1299 2250 1421 
4431 683 742 741 
4432 1341 1354 1340 
4433 1355 1356 1354 
4434 2156 2332 1314 
4435 2202 2382 1450 
4436 1357 1375 1356 
4437 281 2295 2091 
4438 209 2321 2216 
4439 509 519 510 
4440 2152 2326 1194 
4441 1310 1391 973 
4442 1344 1345 1228 
4443 1194 1390 1191 
4444 509 2197 537 
4445 742 779 743 
4446 722 2256 1342 
4447 2295 2322 2091 
4448 2168 2321 209 
4449 537 546 519 
4450 210 1472 52 
4451 268 1473 50 
4452 1972 2270 2244 
4453 1355 1357 1356 
4454 2137 2326 2152 
4455 1339 1341 1340 
4456 1341 1355 1354 
4457 2164 2360 1891 
4458 776 898 897 
4459 682 683 546 
4460 269 2253 205 
4461 1450 2260 1446 
4462 517 2361 589 
4463 771 2263 910 
4464 510 2185 512 
4465 236 2313 2092 
4466 560 561 539 
4467 2264 2368 283 
4468 228 2255 142 
4469 318 320 319 
4470 898 988 912 
4471 1756 2264 1753 
4472 988 1350 1326 
4473 1478 2269 2116 
4474 2240 2271 79 
4475 320 322 321 
4476 2201 2332 2105 
4477 2137 2152 1236 
4478 2313 2348 2092 
4479 2094 2396 1428 
4480 287 2260 178 
4481 258 2261 183 
4482 1449 2389 1621 
4483 1309 2258 2123 
4484 1348 2281 2249 
4485 240 2258 2098 
4486 2267 2388 1394 
4487 537 2342 682 
4488 1784 2231 1878 
4489 1169 2267 1975 
4490 539 2154 538 
4491 1003 2268 2242 
4492 1170 2346 2210 
4493 771 2282 2263 
4494 366 2391 1484 
4495 1738 2270 1972 
4496 2182 2274 281 
4497 1343 2268 2250 
4498 233 2344 2229 
4499 501 2218 503 
4500 1113 2272 1840 
4501 79 2271 78 
4502 1190 2152 1194 
4503 1005 2273 1526 
4504 2096 2402 2204 
4505 296 2323 2153 
4506 1945 2274 1232 
4507 1468 2277 1467 
4508 1315 2352 2126 
4509 742 2236 914 
4510 914 2257 1316 
4511 192 2275 191 
4512 1349 2281 1348 
4513 724 2282 771 
4514 1226 2285 1466 
4515 2091 2322 242 
4516 1973 2402 2188 
4517 1709 2286 1656 
4518 896 2278 2113 
4519 1738 2290 2270 
4520 2322 2357 242 
4521 911 2212 1344 
4522 300 2277 2109 
4523 259 2279 2115 
4524 1393 2266 1212 
4525 2092 2348 293 
4526 1948 2296 1346 
4527 1945 2295 2274 
4528 1463 2280 978 
4529 1005 2300 2273 
4530 2239 2251 2181 
4531 1349 2301 2281 
4532 319 2212 317 
4533 1403 2358 1404 
4534 1200 2187 1424 
4535 1462 2302 1378 
4536 203 2288 252 
4537 1791 2290 1738 
4538 1175 2395 2238 
4539 502 2383 2356 
4540 186 2289 185 
4541 1345 2259 1476 
4542 1354 2376 2370 
4543 1370 2230 905 
4544 247 2332 2156 
4545 2113 2292 1757 
4546 924 2220 775 
4547 2247 2397 1335 
4548 35 2291 34 
4549 305 2316 1481 
4550 1331 2293 1333 
4551 252 2374 2209 
4552 2015 2294 1366 
4553 1306 2295 1945 
4554 507 2252 2197 
4555 2195 2352 1315 
4556 1487 2329 1329 
4557 1292 2283 1290 
4558 1484 2304 1321 
4559 1728 2298 1729 
4560 1791 2313 2290 
4561 1582 2300 1005 
4562 1959 2301 1349 
4563 2170 2353 92 
4564 519 2185 510 
4565 167 2297 166 
4566 2064 2315 2063 
4567 2357 2378 2089 
4568 1334 2350 1795 
4569 245 2366 1511 
4570 242 2357 2089 
4571 2294 2318 1366 
4572 285 2296 2140 
4573 313 2224 315 
4574 1331 2324 2293 
4575 1306 2322 2295 
4576 503 2218 536 
4577 1462 2349 2303 
4578 1539 2308 1368 
4579 1176 2238 1193 
4580 1471 2265 212 
4581 238 2371 2084 
4582 2339 2366 245 
4583 1371 2309 1763 
4584 2162 2331 8 
4585 1372 2336 2128 
4586 2196 2404 652 
4587 2163 2330 31 
4588 2241 2364 1533 
4589 2366 2384 1511 
4590 1311 2313 1791 
4591 1366 2318 1367 
4592 1615 2337 1614 
4593 2153 2323 1382 
4594 200 2314 199 
4595 1407 2321 1408 
4596 1386 2322 1306 
4597 1358 2248 1359 
4598 212 2265 311 
4599 1382 2323 1586 
4600 2128 2336 685 
4601 2348 2388 293 
4602 1328 2324 1331 
4603 1317 2345 1399 
4604 362 2325 418 
4605 1511 2384 274 
4606 1055 2327 1328 
4607 1311 2348 2313 
4608 2318 2347 1367 
4609 297 2334 2080 
4610 2173 2394 1507 
4611 2162 2284 309 
4612 2378 2396 292 
4613 1386 2357 2322 
4614 1317 2365 2345 
4615 2140 2296 1948 
4616 1516 2339 1432 
4617 16 2333 15 
4618 1862 2373 1489 
4619 2218 2262 2148 
4620 96 2328 265 
4621 265 2329 2180 
4622 531 2401 560 
4623 2089 2378 292 
4624 1455 2344 1457 
4625 725 2345 1854 
4626 311 2265 773 
4627 1367 2347 1730 
4628 114 2335 306 
4629 1679 2355 2161 
4630 2077 2351 273 
4631 1394 2348 1311 
4632 2033 2372 1374 
4633 208 2331 309 
4634 1512 2365 1317 
4635 30 2330 304 
4636 2213 2399 1409 
4637 2327 2351 1328 
4638 323 2230 389 
4639 1398 2379 968 
4640 291 2355 2088 
4641 1363 2354 1371 
4642 970 2239 776 
4643 1388 2357 1386 
4644 2105 2332 247 
4645 2345 2365 1854 
4646 2143 2337 235 
4647 1891 2360 1890 
4648 223 2382 2202 
4649 735 2362 678 
4650 1862 2375 2373 
4651 2175 2375 1862 
4652 1324 2371 2169 
4653 1388 2378 2357 
4654 262 2372 2225 
4655 1854 2365 380 
4656 1325 2366 1516 
4657 1361 2367 1936 
4658 1621 2389 684 
4659 1308 2220 924 
4660 512 2237 514 
4661 1121 2310 1057 
4662 1516 2366 2339 
4663 1418 2374 1419 
4664 2101 2368 2102 
4665 1325 2384 2366 
4666 1380 2390 2326 
4667 173 2369 172 
4668 1426 2378 1388 
4669 2239 2392 2251 
4670 773 2224 313 
4671 327 2387 772 
4672 292 2396 2094 
4673 1369 2380 1522 
4674 1441 2381 2032 
4675 2216 2321 1407 
4676 2226 2403 259 
4677 1426 2396 2378 
4678 2062 2384 1325 
4679 1396 2400 1165 
4680 775 2236 683 
4681 1249 2377 2111 
4682 370 2391 366 
4683 2080 2363 239 
4684 1448 2389 1449 
4685 973 2243 1370 
4686 1428 2396 1426 
4687 1558 2403 1353 
4688 1409 2399 1376 
4689 2106 2364 234 
4690 1421 2404 1298 
4691 2198 2268 1003 
4692 1340 2343 1338 
4693 88 2398 87 
4694 322 2230 323 
4695 1350 2280 1326 
4696 1193 2238 1339 
4697 1357 2221 1375 
4698 1326 2280 1463 
4699 315 2224 318 
4700 331 2356 221 
4701 176 2382 223 
4702 1434 2383 1433 
4703 7 2405 161 
4704 162 2405 7 
4705 1359 2221 1357 
4706 514 2237 520 
4707 2126 2287 1310 
4708 2188 2402 294 
4709 501 2262 2218 
4710 2125 2341 270 
4711 2233 2307 271 
4712 2220 2236 775 
4713 2169 2371 238 
4714 2100 2397 299 
4715 1614 2337 2143 
4716 294 2402 2096 
4717 307 2311 2125 
4718 905 2230 322 
4719 2168 2315 2064 
4720 776 2239 898 
4721 307 2353 2170 
4722 2334 2363 2080 
4723 2181 2336 1372 
4724 683 2236 742 
4725 309 2331 2162 
4726 536 2252 505 
4727 304 2330 2163 
4728 1352 2254 979 
4729 1394 2388 2348 
4730 1391 2243 973 
4731 91 2353 307 
4732 2180 2329 1487 
4733 2185 2237 512 
4734 2311 2341 2125 
4735 1724 2375 2175 
4736 979 2254 1308 
4737 306 2335 2190 
4738 2107 2315 2168 
4739 2210 2346 1469 
4740 500 2262 501 
4741 505 2252 507 
4742 1729 2284 2217 
4743 2161 2355 291 
4744 727 2262 500 
4745 2229 2344 1455 
4746 2149 2359 1315 
4747 1390 2338 1191 
4748 2393 2401 518 
4749 2157 2338 1248 
4750 2237 2269 520 
4751 2303 2338 1390 
4752 2209 2374 1418 
4753 1228 2317 1227 
4754 2201 2350 1334 
4755 561 2385 563 
4756 516 2393 518 
4757 2232 2387 389 
4758 2154 2346 1170 
4759 1629 2388 2267 
4760 1248 2349 1178 
4761 389 2387 325 
4762 1338 2343 1397 
4763 1248 2338 2303 
4764 2190 2335 115 
4765 2246 2339 245 
4766 2251 2259 685 
4767 1345 2312 2259 
4768 2238 2395 1339 
4769 2269 2394 520 
4770 303 2386 2170 
4771 301 2350 2201 
4772 1462 2303 2302 
4773 772 2387 2232 
4774 267 2352 2195 
4775 299 2397 2247 
4776 1315 2359 2195 
4777 2356 2383 1434 
4778 1392 2340 1391 
4779 1339 2395 1341 
4780 210 2370 1472 
4781 1756 2368 2264 
4782 2225 2372 2033 
4783 1191 2338 2157 
4784 325 2387 327 
4785 234 2364 2241 
4786 2370 2376 1472 
4787 520 2393 516 
4788 2301 2334 297 
4789 1391 2340 2310 
4790 2251 2336 2181 
4791 651 2385 561 
4792 518 2401 531 
4793 2197 2342 537 
4794 2173 2401 2393 
4795 1340 2370 2343 
4796 1391 2310 2243 
4797 1959 2334 2301 
4798 589 2361 2302 
4799 1353 2403 2226 
4800 2324 2351 2077 
4801 2343 2370 210 
4802 685 2336 2251 
4803 1489 2373 2341 
4804 1328 2351 2324 
4805 2310 2340 1057 
4806 2302 2361 1378 
4807 1484 2391 2304 
4808 2311 2386 1488 
4809 2341 2373 270 
4810 2316 2405 162 
4811 970 2392 2239 
4812 2380 2400 1396 
4813 520 2394 2393 
4814 1369 2400 2380 
4815 2393 2394 2173 
$EndElements
